/bin/attr,7701,288,348,0.82759
/bin/bash,1105778,99198,97640,1.01596
/bin/bzip2-reference,36078,1623,1572,1.03244
/bin/chacl,9848,381,404,0.94307
/bin/dmesg,87194,8273,8404,0.98441
/bin/findmnt,100230,7358,7660,0.96057
/bin/fuser,40262,2818,2516,1.12003
/bin/getfacl,22983,1759,1612,1.09119
/bin/getfattr,17563,1406,1376,1.02180
/bin/getsubids,4222,352,400,0.88000
/bin/grep,250859,18315,18404,0.99516
/bin/groups,9921,1113,1248,0.89183
/bin/gsed,134351,12306,12380,0.99402
/bin/gtar,479152,51049,50132,1.01829
/bin/gzip-reference,912027,7040,6956,1.01208
/bin/hostname,11462,469,528,0.88826
/bin/ifconfig,81824,8325,8004,1.04010
/bin/ip,1047187,59213,56852,1.04153
/bin/kill,16941,1434,1420,1.00986
/bin/login,133688,11507,11924,0.96503
/bin/lsblk,251912,24774,24636,1.00560
/bin/lsfd,259502,30290,31756,0.95384
/bin/more,58329,4712,4764,0.98908
/bin/mount,67626,5930,6140,0.96580
/bin/mountpoint,10140,448,508,0.88189
/bin/nano,306249,28448,27172,1.04696
/bin/netstat,152612,14723,13168,1.11809
/bin/pipesz,64018,8522,8596,0.99139
/bin/ps,261593,8829,9044,0.97623
/bin/route,68372,7653,6912,1.10720
/bin/setfacl,34233,2728,2596,1.05085
/bin/setfattr,13588,972,1028,0.94553
/bin/ss,251639,23272,23100,1.00745
/bin/su,85624,8735,9188,0.95070
/bin/umount,56344,5977,6172,0.96841
/bin/wdctl,77313,9659,9764,0.98925
/lib64/ld-linux-x86-64.so.2,242758,17756,18888,0.94007
/lib64/libanl.so.1,1897,100,148,0.67568
/lib64/libBrokenLocale.so.1,2473,158,188,0.84043
/lib64/libc_malloc_debug.so.0,51285,4670,4712,0.99109
/lib64/libc.so.6,2188520,186995,190196,0.98317
/lib64/libdl.so.2,2123,100,148,0.67568
/lib64/libmemusage.so,1620521,1382,1264,1.09335
/lib64/libm.so.6,1005847,41485,44600,0.93016
/lib64/libmvec.so.1,1020421,13865,34360,0.40352
/lib64/libnsl.so.1,107083,10193,10220,0.99736
/lib64/libnss_compat.so.2,35672,3372,3284,1.02680
/lib64/libnss_db.so.2,31293,3197,3116,1.02599
/lib64/libnss_hesiod.so.2,17851,1948,1932,1.00828
/lib64/libpcprofile.so,3154,219,260,0.84231
/lib64/libpthread.so.0,3185,100,148,0.67568
/lib64/libresolv.so.2,69958,5182,5096,1.01688
/lib64/librt.so.1,3511,327,376,0.86968
/lib64/libthread_db.so.1,42612,3764,4292,0.87698
/lib64/libutil.so.1,1899,100,148,0.67568
/lib64/security/pam_access.so,18313,1314,1192,1.10235
/lib64/security/pam_canonicalize_user.so,3151,200,232,0.86207
/lib64/security/pam_cap.so,10452,586,708,0.82768
/lib64/security/pam_debug.so,4083,343,404,0.84901
/lib64/security/pam_deny.so,2113,215,288,0.74653
/lib64/security/pam_echo.so,5852,462,492,0.93902
/lib64/security/pam_env.so,15709,1110,1120,0.99107
/lib64/security/pam_exec.so,12106,430,460,0.93478
/lib64/security/pam_faildelay.so,3812,244,264,0.92424
/lib64/security/pam_faillock.so,15762,1208,1140,1.05965
/lib64/security/pam_filter.so,11838,502,524,0.95802
/lib64/security/pam_filter/upperLOWER,4233,279,312,0.89423
/lib64/security/pam_ftp.so,4785,244,264,0.92424
/lib64/security/pam_group.so,11816,646,624,1.03526
/lib64/security/pam_issue.so,9223,448,444,1.00901
/lib64/security/pam_keyinit.so,7240,603,616,0.97890
/lib64/security/pam_lastlog.so,15842,1074,1024,1.04883
/lib64/security/pam_limits.so,20287,788,676,1.16568
/lib64/security/pam_listfile.so,7610,367,408,0.89951
/lib64/security/pam_localuser.so,4013,359,404,0.88861
/lib64/security/pam_loginuid.so,4827,294,324,0.90741
/lib64/security/pam_mail.so,8825,356,388,0.91753
/lib64/security/pam_mkhomedir.so,6587,287,304,0.94408
/lib64/security/pam_motd.so,9619,565,568,0.99472
/lib64/security/pam_namespace.so,37531,1987,1856,1.07058
/lib64/security/pam_nologin.so,5092,438,464,0.94397
/lib64/security/pam_passwdqc.so,12125,430,436,0.98624
/lib64/security/pam_permit.so,3002,292,344,0.84884
/lib64/security/pam_pwhistory.so,14166,655,620,1.05645
/lib64/security/pam_rhosts.so,4260,244,264,0.92424
/lib64/security/pam_rootok.so,2952,274,320,0.85625
/lib64/security/pam_securetty.so,7010,424,460,0.92174
/lib64/security/pam_setquota.so,9289,558,512,1.08984
/lib64/security/pam_shells.so,4213,294,324,0.90741
/lib64/security/pam_stress.so,11636,1025,992,1.03327
/lib64/security/pam_succeed_if.so,10313,753,792,0.95076
/lib64/security/pam_time.so,10537,623,600,1.03833
/lib64/security/pam_timestamp.so,17785,1314,1192,1.10235
/lib64/security/pam_umask.so,5746,253,268,0.94403
/lib64/security/pam_unix.so,52813,3833,3516,1.09016
/lib64/security/pam_userdb.so,10547,677,640,1.05781
/lib64/security/pam_usertype.so,7511,866,848,1.02123
/lib64/security/pam_warn.so,3831,404,428,0.94393
/lib64/security/pam_wheel.so,5321,267,292,0.91438
/lib64/security/pam_xauth.so,16235,801,700,1.14429
/sbin/agetty,123865,12628,12684,0.99558
/sbin/arp,63704,6443,6292,1.02400
/sbin/badblocks,26209,1445,1388,1.04107
/sbin/blkdiscard,31920,3421,3580,0.95559
/sbin/blkid,156505,20407,20036,1.01852
/sbin/blkpr,31164,3331,3476,0.95829
/sbin/blkzone,98338,14151,14028,1.00877
/sbin/blockdev,98553,14014,13892,1.00878
/sbin/bridge,208642,22285,21980,1.01388
/sbin/capsh,42158,846,896,0.94420
/sbin/cfdisk,117331,9952,10052,0.99005
/sbin/chcpu,47195,5731,5772,0.99290
/sbin/consoletype,3379,207,256,0.80859
/sbin/ctrlaltdel,41832,5340,5332,1.00150
/sbin/dcb,206138,26254,26308,0.99795
/sbin/debugfs,249679,26572,24672,1.07701
/sbin/devlink,281847,29260,28156,1.03921
/sbin/dumpe2fs,27187,1252,1156,1.08304
/sbin/e2fsck,369302,24240,23404,1.03572
/sbin/e2image,55667,4085,3968,1.02949
/sbin/e2undo,13948,361,384,0.94010
/sbin/faillock,13974,891,860,1.03605
/sbin/fdisk,189810,20183,20252,0.99659
/sbin/findfs,6502,311,396,0.78535
/sbin/fsck,59538,5918,6036,0.98045
/sbin/fsck.cramfs,44323,4789,4980,0.96165
/sbin/fsck.minix,188079,20358,19836,1.02632
/sbin/fsfreeze,8273,353,436,0.80963
/sbin/fstrim,96885,13092,13020,1.00553
/sbin/genl,154179,16509,16724,0.98714
/sbin/getcap,5647,378,384,0.98438
/sbin/getpcaps,6390,307,344,0.89244
/sbin/hwclock,115262,11958,11948,1.00084
/sbin/ifstat-iproute2,150285,17043,17220,0.98972
/sbin/ipmaddr,16316,1957,1988,0.98441
/sbin/iptunnel,20548,2359,2404,0.98128
/sbin/ldconfig,1092630,84116,85980,0.97832
/sbin/lnstat,23167,2500,2640,0.94697
/sbin/logsave,8162,538,548,0.98175
/sbin/losetup,146106,18928,18604,1.01742
/sbin/mii-tool,16231,835,860,0.97093
/sbin/mke2fs,151154,10382,10012,1.03696
/sbin/mkfs,8526,406,500,0.81200
/sbin/mkfs.bfs,35080,4044,4188,0.96562
/sbin/mkfs.cramfs,48249,5148,5308,0.96986
/sbin/mkfs.minix,161822,18915,18620,1.01584
/sbin/mkhomedir_helper,9444,563,540,1.04259
/sbin/mkswap,145124,18768,18420,1.01889
/sbin/nameif,10512,657,700,0.93857
/sbin/nologin,3288,224,260,0.86154
/sbin/nstat,145115,16667,16932,0.98435
/sbin/pam_timestamp_check,7603,331,332,0.99699
/sbin/pivot_root,6326,311,396,0.78535
/sbin/pwhistory_helper,12242,708,696,1.01724
/sbin/rarp,32911,3470,3656,0.94912
/sbin/rdma,232096,27105,27388,0.98967
/sbin/resize2fs,62324,2958,2772,1.06710
/sbin/rtacct,163624,16572,16796,0.98666
/sbin/rtmon,149874,16256,16516,0.98426
/sbin/runuser,85624,8735,9188,0.95070
/sbin/setcap,8680,265,316,0.83861
/sbin/sfdisk,178557,18453,18404,1.00266
/sbin/sln,721799,50657,52572,0.96357
/sbin/sulogin,86980,4825,4972,0.97043
/sbin/swaplabel,10708,517,604,0.85596
/sbin/swapoff,51284,6255,6324,0.98909
/sbin/swapon,54978,5293,5412,0.97801
/sbin/switch_root,10688,586,660,0.88788
/sbin/tc,628152,47289,46596,1.01487
/sbin/tipc,203839,23868,24108,0.99004
/sbin/tune2fs,125826,10214,10268,0.99474
/sbin/unix_chkpwd,32608,2426,2272,1.06778
/sbin/vdpa,152253,17949,18172,0.98773
/sbin/wipefs,48316,4780,4924,0.97076
/sbin/xtables-legacy-multi,517435,5800,5648,1.02691
/sbin/zramctl,150610,20359,20140,1.01087
/usr/bin/[,49945,5175,5476,0.94503
/usr/bin/addftinfo,38737,3544,3868,0.91624
/usr/bin/arch,42815,4818,5100,0.94471
/usr/bin/arping,20991,793,844,0.93957
/usr/bin/asn1Coding,14503,892,844,1.05687
/usr/bin/asn1Decoding,17463,1324,1272,1.04088
/usr/bin/asn1Parser,11053,793,756,1.04894
/usr/bin/b2sum,62653,5857,6124,0.95640
/usr/bin/base32,47976,5221,5604,0.93166
/usr/bin/base64,47347,5176,5540,0.93430
/usr/bin/basename,39146,4686,5036,0.93050
/usr/bin/basenc,59173,6746,7300,0.92411
/usr/bin/bc-reference,96324,8268,8048,1.02734
/usr/bin/bison,620545,65202,66340,0.98285
/usr/bin/bits,39191,5027,5236,0.96008
/usr/bin/bomtool,91134,844,976,0.86475
/usr/bin/bzip2recover,1614701,451,524,0.86069
/usr/bin/cal,74306,7472,7500,0.99627
/usr/bin/cat,46097,5016,5356,0.93652
/usr/bin/catman,39247,3476,3216,1.08085
/usr/bin/chage,146349,10783,11212,0.96174
/usr/bin/chattr,9260,424,456,0.92982
/usr/bin/chcon,73214,8740,9188,0.95124
/usr/bin/chfn,129334,5186,5296,0.97923
/usr/bin/chgrp,80103,9013,9396,0.95924
/usr/bin/chmem,72037,9390,9812,0.95699
/usr/bin/chmod,73498,8563,8956,0.95612
/usr/bin/choom,60513,8269,8340,0.99149
/usr/bin/chown,80103,9013,9396,0.95924
/usr/bin/chroot,49324,5299,5580,0.94964
/usr/bin/chrt,74741,10060,10028,1.00319
/usr/bin/chsh,86522,4365,4488,0.97259
/usr/bin/chvt,9390,607,648,0.93673
/usr/bin/cksum,137981,9935,10524,0.94403
/usr/bin/clear,6442,392,480,0.81667
/usr/bin/cmp,117664,5547,5800,0.95638
/usr/bin/col,32454,3600,3796,0.94837
/usr/bin/colcrt,9884,532,596,0.89262
/usr/bin/colrm,26092,3227,3380,0.95473
/usr/bin/column,60245,6480,6772,0.95688
/usr/bin/comm,48605,5851,6172,0.94799
/usr/bin/coresched,30962,3552,3780,0.93968
/usr/bin/cp,133174,12761,13356,0.95545
/usr/bin/csplit,59112,6180,6500,0.95077
/usr/bin/curl,301399,15018,14592,1.02919
/usr/bin/cut,52273,5537,5820,0.95137
/usr/bin/date,99312,7538,7732,0.97491
/usr/bin/dbus-cleanup-sockets,7946,281,304,0.92434
/usr/bin/dbus-daemon,246552,28417,27736,1.02455
/usr/bin/dbus-launch,16994,868,904,0.96018
/usr/bin/dbus-monitor,21189,1023,1008,1.01488
/usr/bin/dbus-run-session,9270,426,440,0.96818
/usr/bin/dbus-send,24291,918,856,1.07243
/usr/bin/dbus-test-tool,17817,991,1016,0.97539
/usr/bin/dbus-update-activation-environment,9752,444,472,0.94068
/usr/bin/dbus-uuidgen,5196,323,360,0.89722
/usr/bin/dc-reference,56406,6441,6464,0.99644
/usr/bin/dd,77118,7784,7924,0.98233
/usr/bin/deallocvt,8679,584,616,0.94805
/usr/bin/df,107108,9933,10356,0.95915
/usr/bin/diff,221972,14421,14384,1.00257
/usr/bin/diff3,123089,5860,6076,0.96445
/usr/bin/dir,165327,16067,16396,0.97993
/usr/bin/dircolors,53097,5189,5540,0.93664
/usr/bin/dirmngr,630412,63978,62620,1.02169
/usr/bin/dirmngr-client,116891,12405,12420,0.99879
/usr/bin/dirname,38567,4654,4988,0.93304
/usr/bin/du,117791,12574,12852,0.97837
/usr/bin/dumpelf,57334,3905,3632,1.07517
/usr/bin/dumpkeys,106176,5437,5376,1.01135
/usr/bin/dumpsexp,11177,514,532,0.96617
/usr/bin/echo,40149,4552,4884,0.93202
/usr/bin/eject,102450,13825,13780,1.00327
/usr/bin/enosys,40789,3128,3372,0.92764
/usr/bin/env,53233,5232,5468,0.95684
/usr/bin/envsubst,44390,5209,5700,0.91386
/usr/bin/eqn,198073,21894,23972,0.91332
/usr/bin/exch,5084,223,284,0.78521
/usr/bin/expand,44888,5073,5412,0.93736
/usr/bin/expiry,19077,1923,2008,0.95767
/usr/bin/expr,127792,16595,17196,0.96505
/usr/bin/factor,158988,18665,18988,0.98299
/usr/bin/fadvise,25904,3117,3236,0.96323
/usr/bin/faillog,17439,982,1040,0.94423
/usr/bin/fallocate,31131,3240,3388,0.95632
/usr/bin/false,36791,4443,4780,0.92950
/usr/bin/fgconsole,8413,593,624,0.95032
/usr/bin/file,24481,1138,1100,1.03455
/usr/bin/fincore,71864,4239,4356,0.97314
/usr/bin/flex,380118,12862,12600,1.02079
/usr/bin/flock,33761,3593,3756,0.95660
/usr/bin/fmt,95285,5527,5804,0.95227
/usr/bin/fold,44282,4978,5276,0.94352
/usr/bin/free,28345,1089,1188,0.91667
/usr/bin/funzip,90673,1570,1488,1.05511
/usr/bin/gawk,905811,64016,57948,1.10471
/usr/bin/gdbm_dump,25896,2427,2540,0.95551
/usr/bin/gdbm_load,29516,2480,2588,0.95827
/usr/bin/gdbmtool,156136,15868,16220,0.97830
/usr/bin/gencat,20536,778,852,0.91315
/usr/bin/getconf,17847,341,368,0.92663
/usr/bin/getent,26116,2140,2104,1.01711
/usr/bin/getkeycodes,8709,593,624,0.95032
/usr/bin/getopt,31602,3653,3828,0.95428
/usr/bin/gettext,36028,2988,3292,0.90765
/usr/bin/gfind,245008,27883,28516,0.97780
/usr/bin/gmake,294990,22527,22044,1.02191
/usr/bin/gpasswd,91133,9230,9308,0.99162
/usr/bin/gpatch,448452,15875,16372,0.96964
/usr/bin/gperf,112639,8290,8424,0.98409
/usr/bin/gpg,1322877,115911,106212,1.09132
/usr/bin/gpg-agent,487903,48884,45596,1.07211
/usr/bin/gpg-card,285528,30298,29420,1.02984
/usr/bin/gpgconf,173548,16427,16404,1.00140
/usr/bin/gpg-connect-agent,151904,15321,15252,1.00452
/usr/bin/gpg-error,29507,610,672,0.90774
/usr/bin/gpg-mail-tube,131693,15861,16028,0.98958
/usr/bin/gpgme-json,85079,5813,5664,1.02631
/usr/bin/gpgme-tool,79204,8003,7896,1.01355
/usr/bin/gpgparsemail,25635,1926,1936,0.99483
/usr/bin/gpgsm,670350,59683,56292,1.06024
/usr/bin/gpgsplit,76069,7859,8108,0.96929
/usr/bin/gpgtar,139976,14674,14804,0.99122
/usr/bin/gpgv,626145,62204,59844,1.03944
/usr/bin/gpg-wks-client,242831,27276,26860,1.01549
/usr/bin/grn,111124,9683,10364,0.93429
/usr/bin/grodvi,148087,14015,15084,0.92913
/usr/bin/groff,127101,11704,12628,0.92683
/usr/bin/grolbp,144845,13262,14348,0.92431
/usr/bin/grolj4,143175,12815,13908,0.92141
/usr/bin/grops,200885,21683,22988,0.94323
/usr/bin/grotty,148703,14626,15588,0.93829
/usr/bin/gxargs,81494,8110,8364,0.96963
/usr/bin/hardlink,58910,5042,5404,0.93301
/usr/bin/head,50908,5490,5772,0.95114
/usr/bin/hexdump,59295,5935,6060,0.97937
/usr/bin/hmac256,11927,766,780,0.98205
/usr/bin/hostid,38090,4642,4948,0.93816
/usr/bin/hpftodit,134735,4100,4580,0.89520
/usr/bin/hugetop,30649,1784,1708,1.04450
/usr/bin/iconv,61413,4518,4504,1.00311
/usr/bin/id,49025,5350,5604,0.95468
/usr/bin/idn2,22252,1881,1720,1.09360
/usr/bin/indxbib,63333,4765,5156,0.92417
/usr/bin/info,263436,28345,27644,1.02536
/usr/bin/infocmp,64204,3340,3236,1.03214
/usr/bin/install,147440,13940,14484,0.96244
/usr/bin/install-info,45538,3320,3460,0.95954
/usr/bin/install-xattr,9377,566,640,0.88438
/usr/bin/ionice,29072,3339,3516,0.94966
/usr/bin/ipcmk,32587,3465,3612,0.95930
/usr/bin/ipcrm,79569,10259,10276,0.99835
/usr/bin/ipcs,85638,10236,10108,1.01266
/usr/bin/irqtop,60979,6244,6356,0.98238
/usr/bin/isosize,26730,3207,3348,0.95789
/usr/bin/join,61919,6817,7156,0.95263
/usr/bin/kbdinfo,9870,616,656,0.93902
/usr/bin/kbd_mode,10058,625,664,0.94127
/usr/bin/kbdrate,10418,545,584,0.93322
/usr/bin/kbxutil,200965,21677,21660,1.00078
/usr/bin/killall,21896,716,756,0.94709
/usr/bin/last,68427,5336,5244,1.01754
/usr/bin/lastlog,22947,1477,1504,0.98205
/usr/bin/less,317930,28746,28240,1.01792
/usr/bin/lessecho,5959,366,404,0.90594
/usr/bin/lesskey,17029,1454,1520,0.95658
/usr/bin/lexgrog,1165454,4898,4924,0.99472
/usr/bin/line,6316,282,364,0.77473
/usr/bin/link,38450,4655,4948,0.94078
/usr/bin/lkbib,70177,6122,6668,0.91812
/usr/bin/ln,76599,9114,9620,0.94740
/usr/bin/loadkeys,155252,8959,8888,1.00799
/usr/bin/loadunimap,36408,3848,3928,0.97963
/usr/bin/locale,42742,2684,2740,0.97956
/usr/bin/localedef,325382,16082,15236,1.05553
/usr/bin/logger,55369,6023,6388,0.94286
/usr/bin/logname,38261,4655,4948,0.94078
/usr/bin/look,10102,439,524,0.83779
/usr/bin/lookbib,70413,6145,6692,0.91826
/usr/bin/ls,165327,16067,16396,0.97993
/usr/bin/lsattr,7750,466,492,0.94715
/usr/bin/lsclocks,46743,4847,4940,0.98117
/usr/bin/lscpu,168478,18807,18684,1.00658
/usr/bin/lsipc,119062,13631,13484,1.01090
/usr/bin/lsirq,43515,4719,4868,0.96939
/usr/bin/lslocks,83807,10706,10732,0.99758
/usr/bin/lslogins,109176,12526,12460,1.00530
/usr/bin/lsmem,73040,9048,9108,0.99341
/usr/bin/lsns,97325,11518,11468,1.00436
/usr/bin/lz4,266854,16269,16300,0.99810
/usr/bin/lzmadec,10816,590,760,0.77632
/usr/bin/lzmainfo,12005,878,936,0.93803
/usr/bin/m4,344046,30089,31276,0.96205
/usr/bin/makedb,15751,654,772,0.84715
/usr/bin/man,1174472,9610,9300,1.03333
/usr/bin/mandb,1212324,9107,8892,1.02418
/usr/bin/manpager,3643,201,268,0.75000
/usr/bin/manpath,33767,3310,3064,1.08029
/usr/bin/man-recode,1077967,2129,2172,0.98020
/usr/bin/mapscrn,28112,3158,2968,1.06402
/usr/bin/mcookie,34024,3828,3948,0.96960
/usr/bin/md5sum,50014,5096,5404,0.94301
/usr/bin/mkdir,50817,5813,6132,0.94798
/usr/bin/mkfifo,40802,4654,4972,0.93604
/usr/bin/mknod,44620,4758,5068,0.93883
/usr/bin/mktemp,44415,4969,5340,0.93052
/usr/bin/mpicalc,16212,301,348,0.86494
/usr/bin/msgattrib,18487,250,340,0.73529
/usr/bin/msgcat,17071,227,316,0.71835
/usr/bin/msgcmp,19542,854,924,0.92424
/usr/bin/msgcomm,16766,227,316,0.71835
/usr/bin/msgconv,14326,225,316,0.71203
/usr/bin/msgen,15362,225,316,0.71203
/usr/bin/msgexec,12468,290,356,0.81461
/usr/bin/msgfilter,24264,843,924,0.91234
/usr/bin/msgfmt,90161,5171,5020,1.03008
/usr/bin/msggrep,43317,1839,1900,0.96789
/usr/bin/msginit,44319,1677,1644,1.02007
/usr/bin/msgmerge,52873,1227,1268,0.96767
/usr/bin/msgunfmt,29547,1290,1284,1.00467
/usr/bin/msguniq,15865,225,316,0.71203
/usr/bin/mv,144517,14918,15476,0.96394
/usr/bin/namei,33400,4137,4292,0.96389
/usr/bin/nettle-hash,8549,444,588,0.75510
/usr/bin/nettle-lfib-stream,3344,181,236,0.76695
/usr/bin/nettle-pbkdf2,8127,406,468,0.86752
/usr/bin/newgidmap,57261,6044,6052,0.99868
/usr/bin/newgrp,39950,3870,3944,0.98124
/usr/bin/newuidmap,56082,5965,5980,0.99749
/usr/bin/ngettext,35744,2957,3260,0.90706
/usr/bin/nice,41286,4606,4940,0.93239
/usr/bin/ninja-reference,407884,38797,38792,1.00013
/usr/bin/nl,50637,5300,5580,0.94982
/usr/bin/nohup,43223,5021,5324,0.94309
/usr/bin/nproc,42015,4912,5204,0.94389
/usr/bin/nsenter,92931,12316,12468,0.98781
/usr/bin/numfmt,69370,6322,6420,0.98474
/usr/bin/od,90047,8510,8964,0.94935
/usr/bin/onsgmls,114084,10370,11052,0.93829
/usr/bin/openssl,1021894,52520,45980,1.14224
/usr/bin/openvt,16135,661,680,0.97206
/usr/bin/osgmlnorm,38216,3003,3264,0.92004
/usr/bin/ospam,69522,6818,7216,0.94484
/usr/bin/ospcat,27437,1585,1736,0.91302
/usr/bin/ospent,17835,1246,1420,0.87746
/usr/bin/osx,79492,6237,6724,0.92757
/usr/bin/passwd,147527,12316,12756,0.96551
/usr/bin/paste,43487,4879,5188,0.94044
/usr/bin/pathchk,40113,4600,4932,0.93268
/usr/bin/pcprofiledump,6689,418,440,0.95000
/usr/bin/pcre2grep,50123,2308,2112,1.09280
/usr/bin/pcre2test,184163,7325,6048,1.21114
/usr/bin/peekfd,13629,508,556,0.91367
/usr/bin/perl,4657,200,268,0.74627
/usr/bin/pfbtops,21983,928,1020,0.90980
/usr/bin/pg,62766,4459,4588,0.97188
/usr/bin/pgrep,33862,2197,2188,1.00411
/usr/bin/pic,233857,23695,25332,0.93538
/usr/bin/pidof,12397,511,524,0.97519
/usr/bin/pidwait,33862,2197,2188,1.00411
/usr/bin/pinentry-curses,85950,6465,6212,1.04073
/usr/bin/pinentry-tty,69027,6179,5940,1.04024
/usr/bin/ping,159788,5569,5268,1.05714
/usr/bin/pinky,52362,5624,5796,0.97032
/usr/bin/pkcs1-conv,13118,718,772,0.93005
/usr/bin/pkill,33862,2197,2188,1.00411
/usr/bin/pldd,11968,674,700,0.96286
/usr/bin/pmap,29442,1576,1388,1.13545
/usr/bin/post-grohtml,267716,33678,35340,0.95297
/usr/bin/pr,85221,7942,8124,0.97760
/usr/bin/preconv,61034,5741,6156,0.93259
/usr/bin/pre-grohtml,65883,7295,7636,0.95534
/usr/bin/printenv,37980,4502,4820,0.93402
/usr/bin/printf,67710,6134,6444,0.95189
/usr/bin/prlimit,36631,3578,3724,0.96079
/usr/bin/prtstat,12970,836,712,1.17416
/usr/bin/psfxtable,22835,1921,2080,0.92356
/usr/bin/psl,12222,269,312,0.86218
/usr/bin/pslog,6004,349,380,0.91842
/usr/bin/pspax,47306,3228,3104,1.03995
/usr/bin/pstree,27558,1371,1672,0.81998
/usr/bin/ptx,65999,5985,6276,0.95363
/usr/bin/pwd,41484,4732,5076,0.93223
/usr/bin/pwdx,8194,500,540,0.92593
/usr/bin/pwqcheck,8524,355,372,0.95430
/usr/bin/pwqfilter,167016,1157,1080,1.07130
/usr/bin/pwqgen,5095,250,276,0.90580
/usr/bin/python3.13,2462,149,212,0.70283
/usr/bin/python3.14,2462,149,212,0.70283
/usr/bin/python-exec2c,11443,484,604,0.80132
/usr/bin/pzstd,125251,8215,8360,0.98266
/usr/bin/q,416316,32196,28404,1.13350
/usr/bin/re2c,739275,56824,56756,1.00120
/usr/bin/re2go,739275,56824,56756,1.00120
/usr/bin/re2rust,739275,56824,56756,1.00120
/usr/bin/readlink,52662,6548,6996,0.93596
/usr/bin/realpath,54311,6654,7116,0.93508
/usr/bin/recode-sr-latin,10637,344,444,0.77477
/usr/bin/refer,203486,20171,21668,0.93091
/usr/bin/rename,20946,1566,1604,0.97631
/usr/bin/renice,9412,462,556,0.83094
/usr/bin/resizecons,21311,1955,1904,1.02679
/usr/bin/rev,8341,476,588,0.80952
/usr/bin/rm,79628,9606,10052,0.95563
/usr/bin/rmdir,40693,4691,5036,0.93149
/usr/bin/rsync,676211,49355,46044,1.07191
/usr/bin/runcon,38819,4447,4788,0.92878
/usr/bin/scanelf,97595,6186,5312,1.16453
/usr/bin/scanmacho,39470,2871,2688,1.06808
/usr/bin/scdoc,18275,1345,1404,0.95798
/usr/bin/scmp_sys_resolver,4215,234,292,0.80137
/usr/bin/scp,248514,35834,30168,1.18781
/usr/bin/script,77026,7660,7780,0.98458
/usr/bin/scriptlive,63177,6644,6916,0.96067
/usr/bin/scriptreplay,46026,4793,5052,0.94873
/usr/bin/sdiff,124555,6017,6396,0.94074
/usr/bin/seq,48124,5302,5556,0.95428
/usr/bin/setarch,94333,13120,13052,1.00521
/usr/bin/setfont,59782,6127,5888,1.04059
/usr/bin/setkeycodes,9124,658,696,0.94540
/usr/bin/setleds,10372,662,712,0.92978
/usr/bin/setmetamode,9408,616,656,0.93902
/usr/bin/setpgid,7673,314,404,0.77723
/usr/bin/setsid,8234,348,436,0.79817
/usr/bin/setterm,45091,3823,4044,0.94535
/usr/bin/setvtrgb,10708,679,704,0.96449
/usr/bin/sexp-conv,21668,2201,2340,0.94060
/usr/bin/sftp,262549,35377,29864,1.18460
/usr/bin/sha1sum,49985,5096,5404,0.94301
/usr/bin/sha224sum,51640,5418,5788,0.93607
/usr/bin/sha256sum,51640,5418,5788,0.93607
/usr/bin/sha384sum,51864,5418,5788,0.93607
/usr/bin/sha512sum,51864,5418,5788,0.93607
/usr/bin/showconsolefont,19458,1723,1744,0.98796
/usr/bin/showkey,12011,683,728,0.93819
/usr/bin/shred,69347,7583,7764,0.97669
/usr/bin/shuf,65365,7938,8308,0.95546
/usr/bin/slabtop,29190,1448,1460,0.99178
/usr/bin/sleep,40867,4947,5260,0.94049
/usr/bin/soelim,46021,4704,5068,0.92818
/usr/bin/sort,130426,13138,13476,0.97492
/usr/bin/split,69830,6825,7100,0.96127
/usr/bin/sprof,21973,559,700,0.79857
/usr/bin/sqlite3,2142523,206517,191020,1.08113
/usr/bin/ssh,1093804,130402,106192,1.22798
/usr/bin/ssh-add,454717,45420,41480,1.09499
/usr/bin/ssh-agent,445487,44296,38904,1.13860
/usr/bin/ssh-keygen,603363,66278,55856,1.18659
/usr/bin/ssh-keyscan,603726,61880,56344,1.09825
/usr/bin/stat,103896,8422,8660,0.97252
/usr/bin/stdbuf,46379,5110,5492,0.93044
/usr/bin/stty,71518,5697,5908,0.96429
/usr/bin/sum,52569,6065,6260,0.96885
/usr/bin/sync,39613,4574,4884,0.93653
/usr/bin/tabs,13641,606,696,0.87069
/usr/bin/tac,55717,5354,5676,0.94327
/usr/bin/tail,83798,9054,9516,0.95145
/usr/bin/taskset,70045,9896,9916,0.99798
/usr/bin/tbl,168759,16785,18484,0.90808
/usr/bin/tee,48551,5920,6276,0.94328
/usr/bin/test,45760,4502,4932,0.91281
/usr/bin/tfmtodit,44188,3258,3596,0.90601
/usr/bin/tic,90809,4293,4356,0.98554
/usr/bin/timeout,48763,5132,5436,0.94408
/usr/bin/tload,14751,1010,1036,0.97490
/usr/bin/toe,12288,683,784,0.87117
/usr/bin/top,322640,9360,7724,1.21181
/usr/bin/touch,83499,7245,7484,0.96807
/usr/bin/tput,21217,1624,1656,0.98068
/usr/bin/tr,66270,5746,6068,0.94693
/usr/bin/troff,688702,84101,91996,0.91418
/usr/bin/true,36791,4443,4780,0.92950
/usr/bin/truncate,44308,4716,5028,0.93795
/usr/bin/tset,21515,1489,1536,0.96940
/usr/bin/tsort,55737,5371,5692,0.94361
/usr/bin/tty,37573,4468,4796,0.93161
/usr/bin/uclampset,71531,10130,10188,0.99431
/usr/bin/ul,16064,988,1108,0.89170
/usr/bin/uname,42815,4818,5100,0.94471
/usr/bin/unexpand,45508,5091,5428,0.93791
/usr/bin/uniq,52899,5893,6180,0.95356
/usr/bin/unlink,38324,4655,4948,0.94078
/usr/bin/unshare,98273,12359,12532,0.98620
/usr/bin/unzip,1165255,10506,9012,1.16578
/usr/bin/unzipsfx,926055,5779,5372,1.07576
/usr/bin/uptime,9368,517,548,0.94343
/usr/bin/users,45724,5385,5532,0.97343
/usr/bin/utmpdump,23898,1859,1860,0.99946
/usr/bin/uuidgen,30267,3207,3348,0.95789
/usr/bin/uuidparse,42007,4512,4612,0.97832
/usr/bin/vdir,165327,16067,16396,0.97993
/usr/bin/vlock,15214,922,916,1.00655
/usr/bin/vmstat,34368,1430,1364,1.04839
/usr/bin/w,20215,847,852,0.99413
/usr/bin/waitpid,27590,3177,3292,0.96507
/usr/bin/watch,37995,1999,2012,0.99354
/usr/bin/watchgnupg,14102,400,448,0.89286
/usr/bin/wc,66938,6563,7156,0.91713
/usr/bin/wget,489692,37575,36332,1.03421
/usr/bin/whatis,48306,4039,3724,1.08459
/usr/bin/whereis,25817,1895,1844,1.02766
/usr/bin/which,35134,1615,1816,0.88932
/usr/bin/who,54791,5858,5972,0.98091
/usr/bin/whoami,38455,4655,4948,0.94078
/usr/bin/x86_64-pc-linux-gnu-pkgconf,39689,1481,1652,0.89649
/usr/bin/xgettext,354669,25229,24132,1.04546
/usr/bin/xmlcatalog,13587,354,388,0.91237
/usr/bin/xmlif,27411,1296,1440,0.90000
/usr/bin/xmllint,79176,3455,3308,1.04444
/usr/bin/xmlwf,33458,3253,3316,0.98100
/usr/bin/xsltproc,22486,667,656,1.01677
/usr/bin/xz,120130,9097,8452,1.07631
/usr/bin/xzdec,10801,590,760,0.77632
/usr/bin/yat2m,38390,2313,2192,1.05520
/usr/bin/yes,39067,4837,5132,0.94252
/usr/bin/zdump,86281,2814,2784,1.01078
/usr/bin/zic,60564,3286,3020,1.08808
/usr/bin/zstd,213173,14998,15068,0.99535
/usr/bin/zstd-frugal,153016,11643,11932,0.97578
/usr/lib64/audit/sotruss-lib.so,7707,684,660,1.03636
/usr/lib64/binutils/x86_64-pc-linux-gnu/9999/bfd-plugins/libdep.so,5335,435,432,1.00694
/usr/lib64/binutils/x86_64-pc-linux-gnu/9999/libctf-2.45.50.gentoo-sys-devel-binutils-st.so,218091,23576,22568,1.04467
/usr/lib64/binutils/x86_64-pc-linux-gnu/9999/libctf-nobfd-2.45.50.gentoo-sys-devel-binutils-st.so,219167,24588,23736,1.03589
/usr/lib64/binutils/x86_64-pc-linux-gnu/9999/libsframe.so.2.0.0,26005,2599,2712,0.95833
/usr/lib64/crt1.o,494,76,92,0.82609
/usr/lib64/e2initrd_helper,9888,541,540,1.00185
/usr/lib64/engines-3/afalg.so,15203,808,808,1.00000
/usr/lib64/engines-3/capi.so,1611,123,176,0.69886
/usr/lib64/engines-3/loader_attic.so,50290,3674,3524,1.04257
/usr/lib64/engines-3/padlock.so,19747,1123,1092,1.02839
/usr/lib64/gawk/filefuncs.so,30230,1890,1772,1.06659
/usr/lib64/gawk/fnmatch.so,5438,341,344,0.99128
/usr/lib64/gawk/fork.so,5616,483,484,0.99793
/usr/lib64/gawk/inplace.so,9208,465,460,1.01087
/usr/lib64/gawk/intdiv.so,7723,539,520,1.03654
/usr/lib64/gawk/ordchr.so,4106,350,356,0.98315
/usr/lib64/gawk/readdir.so,6276,493,508,0.97047
/usr/lib64/gawk/readfile.so,5778,508,504,1.00794
/usr/lib64/gawk/revoutput.so,4279,343,388,0.88402
/usr/lib64/gawk/revtwoway.so,5132,543,584,0.92979
/usr/lib64/gawk/rwarray.so,14898,1062,956,1.11088
/usr/lib64/gawk/time.so,5326,390,396,0.98485
/usr/lib64/gconv/ANSI_X3.110.so,18371,613,536,1.14366
/usr/lib64/gconv/ARMSCII-8.so,8216,457,424,1.07783
/usr/lib64/gconv/ASMO_449.so,8910,457,428,1.06776
/usr/lib64/gconv/BIG5HKSCS.so,233514,508,472,1.07627
/usr/lib64/gconv/BIG5.so,84880,480,456,1.05263
/usr/lib64/gconv/BRF.so,8814,457,428,1.06776
/usr/lib64/gconv/CP10007.so,8981,457,428,1.06776
/usr/lib64/gconv/CP1125.so,9013,457,428,1.06776
/usr/lib64/gconv/CP1250.so,9166,457,428,1.06776
/usr/lib64/gconv/CP1251.so,9070,457,428,1.06776
/usr/lib64/gconv/CP1252.so,9102,457,428,1.06776
/usr/lib64/gconv/CP1253.so,9070,457,428,1.06776
/usr/lib64/gconv/CP1254.so,9102,457,428,1.06776
/usr/lib64/gconv/CP1255.so,12302,485,444,1.09234
/usr/lib64/gconv/CP1256.so,9198,457,428,1.06776
/usr/lib64/gconv/CP1257.so,9166,457,428,1.06776
/usr/lib64/gconv/CP1258.so,13327,485,444,1.09234
/usr/lib64/gconv/CP737.so,9166,457,428,1.06776
/usr/lib64/gconv/CP770.so,9205,457,428,1.06776
/usr/lib64/gconv/CP771.so,9013,457,428,1.06776
/usr/lib64/gconv/CP772.so,9109,457,428,1.06776
/usr/lib64/gconv/CP773.so,9077,457,428,1.06776
/usr/lib64/gconv/CP774.so,9205,457,428,1.06776
/usr/lib64/gconv/CP775.so,9262,457,428,1.06776
/usr/lib64/gconv/CP932.so,93720,457,428,1.06776
/usr/lib64/gconv/CSN_369103.so,8997,457,428,1.06776
/usr/lib64/gconv/CWI.so,9141,457,428,1.06776
/usr/lib64/gconv/DEC-MCS.so,9006,457,428,1.06776
/usr/lib64/gconv/EBCDIC-AT-DE-A.so,9024,457,428,1.06776
/usr/lib64/gconv/EBCDIC-AT-DE.so,9024,457,428,1.06776
/usr/lib64/gconv/EBCDIC-CA-FR.so,9024,457,428,1.06776
/usr/lib64/gconv/EBCDIC-DK-NO-A.so,9024,457,428,1.06776
/usr/lib64/gconv/EBCDIC-DK-NO.so,9024,457,428,1.06776
/usr/lib64/gconv/EBCDIC-ES-A.so,8942,457,428,1.06776
/usr/lib64/gconv/EBCDIC-ES.so,8942,457,428,1.06776
/usr/lib64/gconv/EBCDIC-ES-S.so,9024,457,428,1.06776
/usr/lib64/gconv/EBCDIC-FI-SE-A.so,9024,457,428,1.06776
/usr/lib64/gconv/EBCDIC-FI-SE.so,9024,457,428,1.06776
/usr/lib64/gconv/EBCDIC-FR.so,9024,457,428,1.06776
/usr/lib64/gconv/EBCDIC-IS-FRISS.so,8974,457,428,1.06776
/usr/lib64/gconv/EBCDIC-IT.so,9024,457,428,1.06776
/usr/lib64/gconv/EBCDIC-PT.so,9024,457,428,1.06776
/usr/lib64/gconv/EBCDIC-UK.so,8910,457,428,1.06776
/usr/lib64/gconv/EBCDIC-US.so,8960,457,428,1.06776
/usr/lib64/gconv/ECMA-CYRILLIC.so,8901,457,428,1.06776
/usr/lib64/gconv/EUC-CN.so,14572,480,456,1.05263
/usr/lib64/gconv/EUC-JISX0213.so,13300,508,476,1.06723
/usr/lib64/gconv/EUC-JP-MS.so,82923,457,428,1.06776
/usr/lib64/gconv/EUC-JP.so,11942,480,456,1.05263
/usr/lib64/gconv/EUC-KR.so,10551,480,456,1.05263
/usr/lib64/gconv/EUC-TW.so,16995,480,456,1.05263
/usr/lib64/gconv/GB18030.so,173334,480,456,1.05263
/usr/lib64/gconv/GBBIG5.so,51361,372,376,0.98936
/usr/lib64/gconv/GBGBK.so,7363,457,428,1.06776
/usr/lib64/gconv/GBK.so,113556,480,456,1.05263
/usr/lib64/gconv/GEORGIAN-ACADEMY.so,8965,457,428,1.06776
/usr/lib64/gconv/GEORGIAN-PS.so,8965,457,428,1.06776
/usr/lib64/gconv/GOST_19768-74.so,9006,457,428,1.06776
/usr/lib64/gconv/GREEK7-OLD.so,8974,457,428,1.06776
/usr/lib64/gconv/GREEK7.so,8878,457,428,1.06776
/usr/lib64/gconv/GREEK-CCITT.so,8878,457,428,1.06776
/usr/lib64/gconv/HP-GREEK8.so,8942,457,428,1.06776
/usr/lib64/gconv/HP-ROMAN8.so,9070,457,428,1.06776
/usr/lib64/gconv/HP-ROMAN9.so,9070,457,428,1.06776
/usr/lib64/gconv/HP-THAI8.so,8974,457,428,1.06776
/usr/lib64/gconv/HP-TURKISH8.so,9070,457,428,1.06776
/usr/lib64/gconv/IBM037.so,8992,457,428,1.06776
/usr/lib64/gconv/IBM038.so,8928,457,428,1.06776
/usr/lib64/gconv/IBM1004.so,9038,457,428,1.06776
/usr/lib64/gconv/IBM1008_420.so,4778,372,372,1.00000
/usr/lib64/gconv/IBM1008.so,9166,457,428,1.06776
/usr/lib64/gconv/IBM1025.so,8901,457,428,1.06776
/usr/lib64/gconv/IBM1026.so,9038,457,428,1.06776
/usr/lib64/gconv/IBM1046.so,9262,457,428,1.06776
/usr/lib64/gconv/IBM1047.so,9024,457,428,1.06776
/usr/lib64/gconv/IBM1097.so,9061,457,428,1.06776
/usr/lib64/gconv/IBM1112.so,8997,457,428,1.06776
/usr/lib64/gconv/IBM1122.so,8901,457,428,1.06776
/usr/lib64/gconv/IBM1123.so,8901,457,428,1.06776
/usr/lib64/gconv/IBM1124.so,8901,457,428,1.06776
/usr/lib64/gconv/IBM1129.so,8933,457,428,1.06776
/usr/lib64/gconv/IBM1130.so,8933,457,428,1.06776
/usr/lib64/gconv/IBM1132.so,9006,457,428,1.06776
/usr/lib64/gconv/IBM1133.so,9006,457,428,1.06776
/usr/lib64/gconv/IBM1137.so,9038,457,428,1.06776
/usr/lib64/gconv/IBM1140.so,8869,457,428,1.06776
/usr/lib64/gconv/IBM1141.so,8869,457,428,1.06776
/usr/lib64/gconv/IBM1142.so,8869,457,428,1.06776
/usr/lib64/gconv/IBM1143.so,8869,457,428,1.06776
/usr/lib64/gconv/IBM1144.so,8869,457,428,1.06776
/usr/lib64/gconv/IBM1145.so,8869,457,428,1.06776
/usr/lib64/gconv/IBM1146.so,8869,457,428,1.06776
/usr/lib64/gconv/IBM1147.so,8869,457,428,1.06776
/usr/lib64/gconv/IBM1148.so,8869,457,428,1.06776
/usr/lib64/gconv/IBM1149.so,8869,457,428,1.06776
/usr/lib64/gconv/IBM1153.so,8965,457,428,1.06776
/usr/lib64/gconv/IBM1154.so,8901,457,428,1.06776
/usr/lib64/gconv/IBM1155.so,8901,457,428,1.06776
/usr/lib64/gconv/IBM1156.so,8997,457,428,1.06776
/usr/lib64/gconv/IBM1157.so,8901,457,428,1.06776
/usr/lib64/gconv/IBM1158.so,8901,457,428,1.06776
/usr/lib64/gconv/IBM1160.so,8869,457,428,1.06776
/usr/lib64/gconv/IBM1161.so,9006,457,428,1.06776
/usr/lib64/gconv/IBM1162.so,9038,457,428,1.06776
/usr/lib64/gconv/IBM1163.so,8933,457,428,1.06776
/usr/lib64/gconv/IBM1164.so,8933,457,428,1.06776
/usr/lib64/gconv/IBM1166.so,8965,457,428,1.06776
/usr/lib64/gconv/IBM1167.so,9045,457,428,1.06776
/usr/lib64/gconv/IBM12712.so,9038,457,428,1.06776
/usr/lib64/gconv/IBM1364.so,146226,401,392,1.02296
/usr/lib64/gconv/IBM1371.so,122820,401,392,1.02296
/usr/lib64/gconv/IBM1388.so,169188,401,392,1.02296
/usr/lib64/gconv/IBM1390.so,226253,401,392,1.02296
/usr/lib64/gconv/IBM1399.so,226253,401,392,1.02296
/usr/lib64/gconv/IBM16804.so,9166,457,428,1.06776
/usr/lib64/gconv/IBM256.so,9038,457,428,1.06776
/usr/lib64/gconv/IBM273.so,8821,457,428,1.06776
/usr/lib64/gconv/IBM274.so,8992,457,428,1.06776
/usr/lib64/gconv/IBM275.so,8992,457,428,1.06776
/usr/lib64/gconv/IBM277.so,8821,457,428,1.06776
/usr/lib64/gconv/IBM278.so,8821,457,428,1.06776
/usr/lib64/gconv/IBM280.so,8821,457,428,1.06776
/usr/lib64/gconv/IBM281.so,8910,457,428,1.06776
/usr/lib64/gconv/IBM284.so,8821,457,428,1.06776
/usr/lib64/gconv/IBM285.so,9006,457,428,1.06776
/usr/lib64/gconv/IBM290.so,9006,457,428,1.06776
/usr/lib64/gconv/IBM297.so,8821,457,428,1.06776
/usr/lib64/gconv/IBM420.so,9134,457,428,1.06776
/usr/lib64/gconv/IBM423.so,9728,457,428,1.06776
/usr/lib64/gconv/IBM424.so,8974,457,428,1.06776
/usr/lib64/gconv/IBM437.so,9109,457,428,1.06776
/usr/lib64/gconv/IBM4517.so,9198,457,428,1.06776
/usr/lib64/gconv/IBM4899.so,8942,457,428,1.06776
/usr/lib64/gconv/IBM4909.so,9038,457,428,1.06776
/usr/lib64/gconv/IBM4971.so,9038,457,428,1.06776
/usr/lib64/gconv/IBM500.so,8992,457,428,1.06776
/usr/lib64/gconv/IBM5347.so,8917,457,428,1.06776
/usr/lib64/gconv/IBM803.so,8942,457,428,1.06776
/usr/lib64/gconv/IBM850.so,9134,457,428,1.06776
/usr/lib64/gconv/IBM851.so,9198,457,428,1.06776
/usr/lib64/gconv/IBM852.so,9230,457,428,1.06776
/usr/lib64/gconv/IBM855.so,9134,457,428,1.06776
/usr/lib64/gconv/IBM856.so,9422,457,428,1.06776
/usr/lib64/gconv/IBM857.so,9134,457,428,1.06776
/usr/lib64/gconv/IBM858.so,9134,457,428,1.06776
/usr/lib64/gconv/IBM860.so,9230,457,428,1.06776
/usr/lib64/gconv/IBM861.so,9109,457,428,1.06776
/usr/lib64/gconv/IBM862.so,9141,457,428,1.06776
/usr/lib64/gconv/IBM863.so,9109,457,428,1.06776
/usr/lib64/gconv/IBM864.so,9230,457,428,1.06776
/usr/lib64/gconv/IBM865.so,9109,457,428,1.06776
/usr/lib64/gconv/IBM866NAV.so,9013,457,428,1.06776
/usr/lib64/gconv/IBM866.so,9013,457,428,1.06776
/usr/lib64/gconv/IBM868.so,9262,457,428,1.06776
/usr/lib64/gconv/IBM869.so,9134,457,428,1.06776
/usr/lib64/gconv/IBM870.so,9381,457,428,1.06776
/usr/lib64/gconv/IBM871.so,8992,457,428,1.06776
/usr/lib64/gconv/IBM874.so,9006,457,428,1.06776
/usr/lib64/gconv/IBM875.so,9038,457,428,1.06776
/usr/lib64/gconv/IBM880.so,9006,457,428,1.06776
/usr/lib64/gconv/IBM891.so,8864,457,428,1.06776
/usr/lib64/gconv/IBM901.so,9317,457,428,1.06776
/usr/lib64/gconv/IBM902.so,9189,457,428,1.06776
/usr/lib64/gconv/IBM9030.so,8869,457,428,1.06776
/usr/lib64/gconv/IBM903.so,8864,457,428,1.06776
/usr/lib64/gconv/IBM904.so,8928,457,428,1.06776
/usr/lib64/gconv/IBM905.so,9472,457,428,1.06776
/usr/lib64/gconv/IBM9066.so,8974,457,428,1.06776
/usr/lib64/gconv/IBM918.so,9102,457,428,1.06776
/usr/lib64/gconv/IBM921.so,8997,457,428,1.06776
/usr/lib64/gconv/IBM922.so,9189,457,428,1.06776
/usr/lib64/gconv/IBM930.so,93687,541,480,1.12708
/usr/lib64/gconv/IBM932.so,66196,480,456,1.05263
/usr/lib64/gconv/IBM933.so,113786,541,480,1.12708
/usr/lib64/gconv/IBM935.so,79450,541,480,1.12708
/usr/lib64/gconv/IBM937.so,110159,541,480,1.12708
/usr/lib64/gconv/IBM939.so,93044,485,444,1.09234
/usr/lib64/gconv/IBM943.so,67342,480,456,1.05263
/usr/lib64/gconv/IBM9448.so,9333,457,428,1.06776
/usr/lib64/gconv/IEC_P27-1.so,9093,457,428,1.06776
/usr/lib64/gconv/INIS-8.so,8942,457,428,1.06776
/usr/lib64/gconv/INIS-CYRILLIC.so,8974,457,428,1.06776
/usr/lib64/gconv/INIS.so,8830,457,428,1.06776
/usr/lib64/gconv/ISIRI-3342.so,9049,457,428,1.06776
/usr/lib64/gconv/ISO_10367-BOX.so,9038,457,428,1.06776
/usr/lib64/gconv/ISO_11548-1.so,7511,457,424,1.07783
/usr/lib64/gconv/ISO-2022-CN-EXT.so,43186,485,444,1.09234
/usr/lib64/gconv/ISO-2022-CN.so,31110,485,444,1.09234
/usr/lib64/gconv/ISO-2022-JP-3.so,26434,485,448,1.08259
/usr/lib64/gconv/ISO-2022-JP.so,46800,564,512,1.10156
/usr/lib64/gconv/ISO-2022-KR.so,12221,485,444,1.09234
/usr/lib64/gconv/ISO_2033.so,8814,457,428,1.06776
/usr/lib64/gconv/ISO_5427-EXT.so,8878,457,428,1.06776
/usr/lib64/gconv/ISO_5427.so,8910,457,428,1.06776
/usr/lib64/gconv/ISO_5428.so,8942,457,428,1.06776
/usr/lib64/gconv/ISO646.so,31745,518,492,1.05285
/usr/lib64/gconv/ISO_6937-2.so,17689,529,484,1.09298
/usr/lib64/gconv/ISO_6937.so,17689,529,484,1.09298
/usr/lib64/gconv/ISO8859-10.so,8997,457,428,1.06776
/usr/lib64/gconv/ISO8859-11.so,8974,457,428,1.06776
/usr/lib64/gconv/ISO8859-13.so,8997,457,428,1.06776
/usr/lib64/gconv/ISO8859-14.so,8965,457,428,1.06776
/usr/lib64/gconv/ISO8859-15.so,8901,457,428,1.06776
/usr/lib64/gconv/ISO8859-16.so,8965,457,428,1.06776
/usr/lib64/gconv/ISO8859-1.so,7486,457,424,1.07783
/usr/lib64/gconv/ISO8859-2.so,9413,457,428,1.06776
/usr/lib64/gconv/ISO8859-3.so,9504,457,428,1.06776
/usr/lib64/gconv/ISO8859-4.so,9413,457,428,1.06776
/usr/lib64/gconv/ISO8859-5.so,8901,457,428,1.06776
/usr/lib64/gconv/ISO8859-6.so,10400,457,428,1.06776
/usr/lib64/gconv/ISO8859-7.so,9038,457,428,1.06776
/usr/lib64/gconv/ISO8859-8.so,8974,457,428,1.06776
/usr/lib64/gconv/ISO8859-9E.so,8965,457,428,1.06776
/usr/lib64/gconv/ISO8859-9.so,9029,457,428,1.06776
/usr/lib64/gconv/ISO-IR-197.so,9134,457,428,1.06776
/usr/lib64/gconv/ISO-IR-209.so,9134,457,428,1.06776
/usr/lib64/gconv/JOHAB.so,14134,564,508,1.11024
/usr/lib64/gconv/KOI8-R.so,9013,457,428,1.06776
/usr/lib64/gconv/KOI8-RU.so,9045,457,428,1.06776
/usr/lib64/gconv/KOI-8.so,9856,457,428,1.06776
/usr/lib64/gconv/KOI8-T.so,9102,457,428,1.06776
/usr/lib64/gconv/KOI8-U.so,9045,457,428,1.06776
/usr/lib64/gconv/LATIN-GREEK-1.so,8910,457,428,1.06776
/usr/lib64/gconv/LATIN-GREEK.so,8910,457,428,1.06776
/usr/lib64/gconv/MAC-CENTRALEUROPE.so,9045,457,428,1.06776
/usr/lib64/gconv/MACINTOSH.so,9198,457,428,1.06776
/usr/lib64/gconv/MAC-IS.so,9198,457,428,1.06776
/usr/lib64/gconv/MAC-SAMI.so,9045,457,428,1.06776
/usr/lib64/gconv/MAC-UK.so,8981,457,428,1.06776
/usr/lib64/gconv/MIK.so,9077,457,428,1.06776
/usr/lib64/gconv/NATS-DANO.so,8942,457,428,1.06776
/usr/lib64/gconv/NATS-SEFI.so,8942,457,428,1.06776
/usr/lib64/gconv/PT154.so,8949,457,428,1.06776
/usr/lib64/gconv/RK1048.so,9166,457,428,1.06776
/usr/lib64/gconv/SAMI-WS2.so,9102,457,428,1.06776
/usr/lib64/gconv/SHIFT_JISX0213.so,12844,508,472,1.07627
/usr/lib64/gconv/SJIS.so,90786,480,452,1.06195
/usr/lib64/gconv/T.61.so,16417,480,452,1.06195
/usr/lib64/gconv/TCVN5712-1.so,12668,485,444,1.09234
/usr/lib64/gconv/TIS-620.so,8942,457,428,1.06776
/usr/lib64/gconv/TSCII.so,16852,513,464,1.10560
/usr/lib64/gconv/UHC.so,69698,564,512,1.10156
/usr/lib64/gconv/UNICODE.so,8673,464,444,1.04505
/usr/lib64/gconv/UTF-16.so,10585,564,508,1.11024
/usr/lib64/gconv/UTF-32.so,9183,536,492,1.08943
/usr/lib64/gconv/UTF-7.so,18373,734,712,1.03090
/usr/lib64/gconv/VISCII.so,8949,457,428,1.06776
/usr/lib64/gcrt1.o,706,105,140,0.75000
/usr/lib64/grcrt1.o,568,82,96,0.85417
/usr/lib64/help2man/bindtextdomain.so,3812,331,368,0.89946
/usr/lib64/libacl.so.1.1.2302,34990,3774,3904,0.96670
/usr/lib64/libasprintf.so.0.0.0,21740,698,808,0.86386
/usr/lib64/libassuan.so.9.0.0,91054,12035,11168,1.07763
/usr/lib64/libattr.so.1.1.2502,18472,1514,1768,0.85633
/usr/lib64/libb2.so.1.0.4,28475,2513,2404,1.04534
/usr/lib64/libblkid.so.1.1.0,425045,52573,51320,1.02442
/usr/lib64/libbz2.so.1.0.8,70761,3245,2964,1.09480
/usr/lib64/libcap.so.2.76,43977,5113,5188,0.98554
/usr/lib64/libcares.so.2.19.4,269911,36648,36956,0.99167
/usr/lib64/libcom_err.so.2.1,11374,963,1008,0.95536
/usr/lib64/libcrypto.so.3,5636554,564329,577580,0.97706
/usr/lib64/libcrypt.so.1.1.0,242341,10347,9484,1.09100
/usr/lib64/libcrypt.so.2.0.0,240102,10148,9268,1.09495
/usr/lib64/libcurl.so.4.8.0,974333,104192,99076,1.05164
/usr/lib64/libdbus-1.so.3.38.3,361187,50387,51308,0.98205
/usr/lib64/libe2p.so.2.3,35653,2530,2620,0.96565
/usr/lib64/libexpat.so.1.11.1,183684,15715,15496,1.01413
/usr/lib64/libexpatw.so.1.11.1,184527,15726,15528,1.01275
/usr/lib64/libexslt.so.0.8.24,99481,11058,9660,1.14472
/usr/lib64/libext2fs.so.2.4,493438,47521,47332,1.00399
/usr/lib64/libfdisk.so.1.1.0,562704,61439,62912,0.97659
/usr/lib64/libffi.so.8.2.0,54533,3796,4084,0.92948
/usr/lib64/libform.so.6.5,71715,10304,10676,0.96516
/usr/lib64/libformt.so.6.5,71722,10304,10676,0.96516
/usr/lib64/libformtw.so.6.5,80706,10920,11188,0.97605
/usr/lib64/libformw.so.6.5,80667,10920,11188,0.97605
/usr/lib64/libgcrypt.so.20.6.0,1407320,101701,99676,1.02032
/usr/lib64/libgdbm_compat.so.4.0.0,9594,910,1044,0.87165
/usr/lib64/libgdbm.so.6.0.0,76199,7382,7340,1.00572
/usr/lib64/libgettextlib-0.23.2.so,1498191,36879,39220,0.94031
/usr/lib64/libgettextpo.so.0.5.12,435517,40911,40424,1.01205
/usr/lib64/libgettextsrc-0.23.2.so,385495,35595,33244,1.07072
/usr/lib64/libgmp.so.10.5.0,719209,40709,40236,1.01176
/usr/lib64/libgmpxx.so.4.7.0,21923,1079,1244,0.86736
/usr/lib64/libgnutls-openssl.so.27.0.2,65148,7906,8848,0.89354
/usr/lib64/libgnutls.so.30.40.4,2232106,165357,161080,1.02655
/usr/lib64/libgnutlsxx.so.30.0.0,69318,6518,8524,0.76466
/usr/lib64/libgpg-error.so.0.39.3,193832,21820,22540,0.96806
/usr/lib64/libgpgme.so.45.0.0,420594,73119,60488,1.20882
/usr/lib64/libhistory.so.8.3,51243,4117,4148,0.99253
/usr/lib64/libhogweed.so.6.11,323189,22144,22856,0.96885
/usr/lib64/libidn2.so.0.4.0,201967,5645,5532,1.02043
/usr/lib64/libip4tc.so.2.0.0,27071,2886,2772,1.04113
/usr/lib64/libip6tc.so.2.0.0,27947,2861,2768,1.03360
/usr/lib64/libksba.so.8.14.7,286735,24138,24620,0.98042
/usr/lib64/liblz4.so.1.10.0,159891,9399,9332,1.00718
/usr/lib64/liblzma.so.5.8.1,212298,22094,21400,1.03243
/usr/lib64/libmagic.so.1.0.0,185930,14387,13404,1.07334
/usr/lib64/libmcheck.a,249,51,48,1.06250
/usr/lib64/libmenu.so.6.5,33474,3401,3544,0.95965
/usr/lib64/libmenut.so.6.5,33706,3446,3576,0.96365
/usr/lib64/libmenutw.so.6.5,34745,3610,3736,0.96627
/usr/lib64/libmenuw.so.6.5,34481,3565,3704,0.96247
/usr/lib64/libmnl.so.0.2.0,20791,2946,3144,0.93702
/usr/lib64/libmount.so.1.1.0,545214,63280,63232,1.00076
/usr/lib64/libmpc.so.3.3.1,143607,11811,11536,1.02384
/usr/lib64/libmpdec.so.4.0.1,214446,22882,23148,0.98851
/usr/lib64/libmpfr.so.6.2.2,815249,38561,42892,0.89903
/usr/lib64/libncurses.so.6.5,188718,20457,21188,0.96550
/usr/lib64/libncurses++.so.6.5,59494,7863,8600,0.91430
/usr/lib64/libncursest.so.6.5,195587,22175,22724,0.97584
/usr/lib64/libncurses++t.so.6.5,59592,7867,8608,0.91392
/usr/lib64/libncursestw.so.6.5,280616,30654,30916,0.99153
/usr/lib64/libncurses++tw.so.6.5,59598,7867,8608,0.91392
/usr/lib64/libncursesw.so.6.5,271006,28531,28916,0.98669
/usr/lib64/libncurses++w.so.6.5,59500,7863,8600,0.91430
/usr/lib64/libnettle.so.8.11,359979,28924,31252,0.92551
/usr/lib64/libnghttp2.so.14.28.4,197422,22471,24188,0.92901
/usr/lib64/libnghttp3.so.9.2.7,184118,21712,23476,0.92486
/usr/lib64/libnpth.so.0.3.0,18846,2636,3108,0.84813
/usr/lib64/libnsl.so.3.0.0,29093,3447,3404,1.01263
/usr/lib64/libosp.so.5.0.0,2261723,177713,197692,0.89894
/usr/lib64/libpamc.so.0.82.1,13077,1061,1028,1.03210
/usr/lib64/libpam_misc.so.0.82.1,10392,637,656,0.97104
/usr/lib64/libpam.so.0.85.1,63804,5794,5576,1.03910
/usr/lib64/libpanel.so.6.5,11318,1153,1284,0.89798
/usr/lib64/libpanelt.so.6.5,10777,1153,1284,0.89798
/usr/lib64/libpaneltw.so.6.5,10780,1153,1284,0.89798
/usr/lib64/libpanelw.so.6.5,11321,1153,1284,0.89798
/usr/lib64/libpasswdqc.so.1,64353,2057,1856,1.10830
/usr/lib64/libpcre2-16.so.0.14.0,677758,35550,28780,1.23523
/usr/lib64/libpcre2-32.so.0.14.0,643840,33760,27516,1.22692
/usr/lib64/libpcre2-8.so.0.14.0,739520,39606,31092,1.27383
/usr/lib64/libpcre2-posix.so.3.0.6,5971,500,468,1.06838
/usr/lib64/libperl.so.5.40.2,3856280,163239,149688,1.09053
/usr/lib64/libpipeline.so.1.5.8,74040,7427,8056,0.92192
/usr/lib64/libpkgconf.so.7.0.0,90101,9967,9936,1.00312
/usr/lib64/libpopt.so.0.0.2,52980,4957,4748,1.04402
/usr/lib64/libproc2.so.1.0.0,199784,29440,31876,0.92358
/usr/lib64/libpsl.so.5.3.5,69160,1527,1592,0.95917
/usr/lib64/libpsx.so.2.76,12760,1185,1228,0.96498
/usr/lib64/libpython3.13.so.1.0,6082184,425852,403740,1.05477
/usr/lib64/libpython3.14.so.1.0,6494251,456551,435388,1.04861
/usr/lib64/libreadline.so.8.3,411343,34399,34288,1.00324
/usr/lib64/libseccomp.so.2.6.0,179505,9647,10144,0.95101
/usr/lib64/libsmartcols.so.1.1.0,349604,44377,44768,0.99127
/usr/lib64/libsqlite3.so.3.50.4,1796411,174014,160616,1.08342
/usr/lib64/libssl.so.3,1063092,120863,118652,1.01863
/usr/lib64/libss.so.2.0,25337,2222,2172,1.02302
/usr/lib64/libsubid.so.4.0.0,216826,20052,20324,0.98662
/usr/lib64/libtasn1.so.6.6.4,82700,6277,6108,1.02767
/usr/lib64/libtextstyle.so.0.2.3,731471,94168,95700,0.98399
/usr/lib64/libtinfo.so.6.5,246900,15018,15300,0.98157
/usr/lib64/libtinfot.so.6.5,245866,16010,16340,0.97980
/usr/lib64/libtinfotw.so.6.5,247322,15626,16668,0.93749
/usr/lib64/libtinfow.so.6.5,248220,14634,15620,0.93688
/usr/lib64/libtirpc.so.3.0.0,187039,23019,22892,1.00555
/usr/lib64/libunistring.so.5.2.0,2009055,29762,32152,0.92567
/usr/lib64/libuuid.so.1.3.0,29721,2596,2668,0.97301
/usr/lib64/libxml2.so.16.0.6,1468631,170206,156628,1.08669
/usr/lib64/libxslt.so.1.1.43,275218,24878,23524,1.05756
/usr/lib64/libxtables.so.12.7.0,80185,6639,6544,1.01452
/usr/lib64/libz.so.1.3.1,101359,7291,7220,1.00983
/usr/lib64/libzstd.so.1.5.7,869559,56536,53292,1.06087
/usr/lib64/man-db/libman-2.13.1.so,296395,26208,28148,0.93108
/usr/lib64/man-db/libmandb-2.13.1.so,25281,2552,2484,1.02738
/usr/lib64/misc/awk/grcat,2801,187,248,0.75403
/usr/lib64/misc/awk/pwcat,2502,170,232,0.73276
/usr/lib64/misc/glibc/getconf/POSIX_V6_LP64_OFF64,17847,341,368,0.92663
/usr/lib64/misc/glibc/getconf/POSIX_V7_LP64_OFF64,17847,341,368,0.92663
/usr/lib64/misc/glibc/getconf/XBS5_LP64_OFF64,17847,341,368,0.92663
/usr/lib64/misc/sftp-server,171621,24491,22744,1.07681
/usr/lib64/misc/sshd-auth,1107988,134057,112368,1.19302
/usr/lib64/misc/sshd-session,1155520,141612,117856,1.20157
/usr/lib64/misc/ssh-keysign,516570,51420,45792,1.12290
/usr/lib64/misc/ssh-pkcs11-helper,408055,39054,36096,1.08195
/usr/lib64/misc/ssh-sk-helper,373406,35462,32664,1.08566
/usr/lib64/ossl-modules/legacy.so,138703,16921,17412,0.97180
/usr/lib64/perl5/5.40/x86_64-linux/auto/attributes/attributes.so,8389,573,544,1.05331
/usr/lib64/perl5/5.40/x86_64-linux/auto/B/B.so,88072,6654,6320,1.05285
/usr/lib64/perl5/5.40/x86_64-linux/auto/Compress/Raw/Bzip2/Bzip2.so,30641,2386,2200,1.08455
/usr/lib64/perl5/5.40/x86_64-linux/auto/Compress/Raw/Zlib/Zlib.so,72185,6546,5960,1.09832
/usr/lib64/perl5/5.40/x86_64-linux/auto/Cwd/Cwd.so,14633,914,976,0.93648
/usr/lib64/perl5/5.40/x86_64-linux/auto/Data/Dumper/Dumper.so,36624,1041,904,1.15155
/usr/lib64/perl5/5.40/x86_64-linux/auto/Devel/Peek/Peek.so,14846,1297,1244,1.04260
/usr/lib64/perl5/5.40/x86_64-linux/auto/Digest/MD5/MD5.so,16102,1280,1220,1.04918
/usr/lib64/perl5/5.40/x86_64-linux/auto/Digest/SHA/SHA.so,42043,2498,2304,1.08420
/usr/lib64/perl5/5.40/x86_64-linux/auto/Encode/Byte/Byte.so,157426,288,296,0.97297
/usr/lib64/perl5/5.40/x86_64-linux/auto/Encode/CN/CN.so,978077,285,296,0.96284
/usr/lib64/perl5/5.40/x86_64-linux/auto/Encode/EBCDIC/EBCDIC.so,18328,285,296,0.96284
/usr/lib64/perl5/5.40/x86_64-linux/auto/Encode/Encode.so,41201,2893,2652,1.09087
/usr/lib64/perl5/5.40/x86_64-linux/auto/Encode/JP/JP.so,1165823,285,296,0.96284
/usr/lib64/perl5/5.40/x86_64-linux/auto/Encode/KR/KR.so,1088586,285,296,0.96284
/usr/lib64/perl5/5.40/x86_64-linux/auto/Encode/Symbol/Symbol.so,24545,285,296,0.96284
/usr/lib64/perl5/5.40/x86_64-linux/auto/Encode/TW/TW.so,972555,285,296,0.96284
/usr/lib64/perl5/5.40/x86_64-linux/auto/Encode/Unicode/Unicode.so,15599,491,500,0.98200
/usr/lib64/perl5/5.40/x86_64-linux/auto/Fcntl/Fcntl.so,14117,731,692,1.05636
/usr/lib64/perl5/5.40/x86_64-linux/auto/File/DosGlob/DosGlob.so,3376,216,260,0.83077
/usr/lib64/perl5/5.40/x86_64-linux/auto/File/Glob/Glob.so,26764,1668,1700,0.98118
/usr/lib64/perl5/5.40/x86_64-linux/auto/Filter/Util/Call/Call.so,10721,590,576,1.02431
/usr/lib64/perl5/5.40/x86_64-linux/auto/GDBM_File/GDBM_File.so,48220,3250,2968,1.09501
/usr/lib64/perl5/5.40/x86_64-linux/auto/Hash/Util/FieldHash/FieldHash.so,17328,1616,1488,1.08602
/usr/lib64/perl5/5.40/x86_64-linux/auto/Hash/Util/Util.so,17545,1308,1312,0.99695
/usr/lib64/perl5/5.40/x86_64-linux/auto/I18N/Langinfo/Langinfo.so,8670,323,340,0.95000
/usr/lib64/perl5/5.40/x86_64-linux/auto/IO/IO.so,17316,1479,1396,1.05946
/usr/lib64/perl5/5.40/x86_64-linux/auto/IPC/SysV/SysV.so,20954,1289,1192,1.08138
/usr/lib64/perl5/5.40/x86_64-linux/auto/List/Util/Util.so,62586,3516,3252,1.08118
/usr/lib64/perl5/5.40/x86_64-linux/auto/Math/BigInt/FastCalc/FastCalc.so,13166,1118,1040,1.07500
/usr/lib64/perl5/5.40/x86_64-linux/auto/MIME/Base64/Base64.so,11838,781,728,1.07280
/usr/lib64/perl5/5.40/x86_64-linux/auto/mro/mro.so,21760,1137,1028,1.10603
/usr/lib64/perl5/5.40/x86_64-linux/auto/NDBM_File/NDBM_File.so,17920,1196,1108,1.07942
/usr/lib64/perl5/5.40/x86_64-linux/auto/Opcode/Opcode.so,20102,1620,1552,1.04381
/usr/lib64/perl5/5.40/x86_64-linux/auto/PerlIO/encoding/encoding.so,22984,1006,972,1.03498
/usr/lib64/perl5/5.40/x86_64-linux/auto/PerlIO/mmap/mmap.so,8041,677,716,0.94553
/usr/lib64/perl5/5.40/x86_64-linux/auto/PerlIO/via/via.so,19713,1675,1660,1.00904
/usr/lib64/perl5/5.40/x86_64-linux/auto/POSIX/POSIX.so,101232,7640,7036,1.08584
/usr/lib64/perl5/5.40/x86_64-linux/auto/re/re.so,677730,29375,26232,1.11982
/usr/lib64/perl5/5.40/x86_64-linux/auto/SDBM_File/SDBM_File.so,29374,2511,2424,1.03589
/usr/lib64/perl5/5.40/x86_64-linux/auto/Socket/Socket.so,37041,2154,1940,1.11031
/usr/lib64/perl5/5.40/x86_64-linux/auto/Storable/Storable.so,113934,6744,6024,1.11952
/usr/lib64/perl5/5.40/x86_64-linux/auto/Sys/Hostname/Hostname.so,3744,254,272,0.93382
/usr/lib64/perl5/5.40/x86_64-linux/auto/Sys/Syslog/Syslog.so,12340,1084,1044,1.03831
/usr/lib64/perl5/5.40/x86_64-linux/auto/threads/shared/shared.so,1917,155,184,0.84239
/usr/lib64/perl5/5.40/x86_64-linux/auto/threads/threads.so,1910,155,184,0.84239
/usr/lib64/perl5/5.40/x86_64-linux/auto/Time/HiRes/HiRes.so,27134,1707,1576,1.08312
/usr/lib64/perl5/5.40/x86_64-linux/auto/Time/Piece/Piece.so,20350,891,848,1.05071
/usr/lib64/perl5/5.40/x86_64-linux/auto/Unicode/Collate/Collate.so,779425,1385,1280,1.08203
/usr/lib64/perl5/5.40/x86_64-linux/auto/Unicode/Normalize/Normalize.so,410298,2387,2272,1.05062
/usr/lib64/perl5/vendor_perl/5.40/x86_64-linux/auto/Crypt/URandom/URandom.so,4102,268,284,0.94366
/usr/lib64/perl5/vendor_perl/5.40/x86_64-linux/auto/List/MoreUtils/XS/XS.so,119449,7979,7072,1.12825
/usr/lib64/perl5/vendor_perl/5.40/x86_64-linux/auto/List/Util/Util.so,59595,3112,2852,1.09116
/usr/lib64/perl5/vendor_perl/5.40/x86_64-linux/auto/Locale/gettext/gettext.so,11162,1072,1004,1.06773
/usr/lib64/perl5/vendor_perl/5.40/x86_64-linux/auto/Net/SSLeay/SSLeay.so,606238,60457,56252,1.07475
/usr/lib64/perl5/vendor_perl/5.40/x86_64-linux/auto/Params/Util/Util.so,13984,1485,1476,1.00610
/usr/lib64/perl5/vendor_perl/5.40/x86_64-linux/auto/PerlIO/utf8_strict/utf8_strict.so,9710,479,504,0.95040
/usr/lib64/perl5/vendor_perl/5.40/x86_64-linux/auto/Syntax/Keyword/Try/Try.so,16871,729,708,1.02966
/usr/lib64/perl5/vendor_perl/5.40/x86_64-linux/auto/Term/ReadKey/ReadKey.so,19444,1314,1300,1.01077
/usr/lib64/perl5/vendor_perl/5.40/x86_64-linux/auto/Text/CharWidth/CharWidth.so,5443,412,420,0.98095
/usr/lib64/perl5/vendor_perl/5.40/x86_64-linux/auto/Unicode/LineBreak/LineBreak.so,157339,8473,8068,1.05020
/usr/lib64/perl5/vendor_perl/5.40/x86_64-linux/auto/XS/Parse/Keyword/Keyword.so,46712,3214,2940,1.09320
/usr/lib64/preloadable_libintl.so,81311,4189,4568,0.91703
/usr/lib64/rcrt1.o,357,53,44,1.20455
/usr/lib64/Scrt1.o,357,53,44,1.20455
/usr/lib64/xtables/libip6t_ah.so,4913,440,464,0.94828
/usr/lib64/xtables/libip6t_DNPT.so,3869,361,388,0.93041
/usr/lib64/xtables/libip6t_dst.so,5698,509,540,0.94259
/usr/lib64/xtables/libip6t_eui64.so,2037,149,180,0.82778
/usr/lib64/xtables/libip6t_frag.so,5876,552,540,1.02222
/usr/lib64/xtables/libip6t_hbh.so,6115,537,572,0.93881
/usr/lib64/xtables/libip6t_HL.so,3936,341,384,0.88802
/usr/lib64/xtables/libip6t_hl.so,4120,352,396,0.88889
/usr/lib64/xtables/libip6t_icmp6.so,7624,573,572,1.00175
/usr/lib64/xtables/libip6t_ipv6header.so,6450,529,532,0.99436
/usr/lib64/xtables/libip6t_mh.so,6752,607,652,0.93098
/usr/lib64/xtables/libip6t_NETMAP.so,3815,328,380,0.86316
/usr/lib64/xtables/libip6t_REJECT.so,5227,395,452,0.87389
/usr/lib64/xtables/libip6t_rt.so,7988,797,720,1.10694
/usr/lib64/xtables/libip6t_SNPT.so,3869,361,388,0.93041
/usr/lib64/xtables/libip6t_srh.so,11221,564,584,0.96575
/usr/lib64/xtables/libipt_ah.so,4417,471,496,0.94960
/usr/lib64/xtables/libipt_CLUSTERIP.so,5514,476,504,0.94444
/usr/lib64/xtables/libipt_ECN.so,4239,381,424,0.89858
/usr/lib64/xtables/libipt_icmp.so,7704,583,580,1.00517
/usr/lib64/xtables/libipt_NETMAP.so,3750,351,408,0.86029
/usr/lib64/xtables/libipt_realm.so,5071,394,432,0.91204
/usr/lib64/xtables/libipt_REJECT.so,5845,410,452,0.90708
/usr/lib64/xtables/libipt_TTL.so,3953,341,384,0.88802
/usr/lib64/xtables/libipt_ttl.so,4479,404,444,0.90991
/usr/lib64/xtables/libipt_ULOG.so,4714,364,408,0.89216
/usr/lib64/xtables/libxt_addrtype.so,9852,1093,1012,1.08004
/usr/lib64/xtables/libxt_AUDIT.so,3962,354,396,0.89394
/usr/lib64/xtables/libxt_bpf.so,7923,816,820,0.99512
/usr/lib64/xtables/libxt_cgroup.so,6326,685,756,0.90608
/usr/lib64/xtables/libxt_CHECKSUM.so,3163,259,312,0.83013
/usr/lib64/xtables/libxt_CLASSIFY.so,4560,400,452,0.88496
/usr/lib64/xtables/libxt_cluster.so,5439,477,496,0.96169
/usr/lib64/xtables/libxt_comment.so,3713,279,324,0.86111
/usr/lib64/xtables/libxt_connbytes.so,5879,552,564,0.97872
/usr/lib64/xtables/libxt_connlimit.so,7456,676,708,0.95480
/usr/lib64/xtables/libxt_CONNMARK.so,12051,1073,1044,1.02778
/usr/lib64/xtables/libxt_connmark.so,4971,534,584,0.91438
/usr/lib64/xtables/libxt_CONNSECMARK.so,3901,353,396,0.89141
/usr/lib64/xtables/libxt_conntrack.so,27081,2478,2404,1.03078
/usr/lib64/xtables/libxt_cpu.so,3387,294,344,0.85465
/usr/lib64/xtables/libxt_CT.so,12392,1212,1208,1.00331
/usr/lib64/xtables/libxt_dccp.so,8156,789,752,1.04920
/usr/lib64/xtables/libxt_devgroup.so,6065,533,572,0.93182
/usr/lib64/xtables/libxt_DSCP.so,5322,396,452,0.87611
/usr/lib64/xtables/libxt_dscp.so,5357,417,472,0.88347
/usr/lib64/xtables/libxt_ecn.so,4823,409,444,0.92117
/usr/lib64/xtables/libxt_esp.so,4175,372,432,0.86111
/usr/lib64/xtables/libxt_hashlimit.so,29598,3207,3064,1.04667
/usr/lib64/xtables/libxt_helper.so,3574,300,352,0.85227
/usr/lib64/xtables/libxt_HMARK.so,9938,803,832,0.96514
/usr/lib64/xtables/libxt_IDLETIMER.so,4464,370,436,0.84862
/usr/lib64/xtables/libxt_ipcomp.so,4137,387,428,0.90421
/usr/lib64/xtables/libxt_iprange.so,10236,1094,1092,1.00183
/usr/lib64/xtables/libxt_ipvs.so,7491,480,512,0.93750
/usr/lib64/xtables/libxt_LED.so,4893,381,404,0.94307
/usr/lib64/xtables/libxt_length.so,3828,352,396,0.88889
/usr/lib64/xtables/libxt_limit.so,6233,583,624,0.93429
/usr/lib64/xtables/libxt_LOG.so,7043,443,464,0.95474
/usr/lib64/xtables/libxt_mac.so,3796,347,396,0.87626
/usr/lib64/xtables/libxt_mark.so,4870,534,584,0.91438
/usr/lib64/xtables/libxt_MARK.so,8324,848,904,0.93805
/usr/lib64/xtables/libxt_multiport.so,13056,1679,1748,0.96053
/usr/lib64/xtables/libxt_NAT.so,18839,2043,2132,0.95826
/usr/lib64/xtables/libxt_nfacct.so,3731,262,316,0.82911
/usr/lib64/xtables/libxt_NFLOG.so,5574,477,524,0.91031
/usr/lib64/xtables/libxt_NFQUEUE.so,8542,955,1040,0.91827
/usr/lib64/xtables/libxt_osf.so,4380,312,352,0.88636
/usr/lib64/xtables/libxt_owner.so,12267,1415,1308,1.08180
/usr/lib64/xtables/libxt_physdev.so,4863,361,392,0.92092
/usr/lib64/xtables/libxt_pkttype.so,4778,418,476,0.87815
/usr/lib64/xtables/libxt_policy.so,10883,752,792,0.94949
/usr/lib64/xtables/libxt_quota.so,3445,303,352,0.86080
/usr/lib64/xtables/libxt_RATEEST.so,5840,483,524,0.92176
/usr/lib64/xtables/libxt_rateest.so,9541,669,700,0.95571
/usr/lib64/xtables/libxt_recent.so,9805,651,684,0.95175
/usr/lib64/xtables/libxt_rpfilter.so,4539,448,484,0.92562
/usr/lib64/xtables/libxt_sctp.so,12716,917,904,1.01438
/usr/lib64/xtables/libxt_SECMARK.so,4208,390,460,0.84783
/usr/lib64/xtables/libxt_SET.so,14428,1393,1492,0.93365
/usr/lib64/xtables/libxt_set.so,16866,1584,1620,0.97778
/usr/lib64/xtables/libxt_socket.so,6517,712,764,0.93194
/usr/lib64/xtables/libxt_standard.so,2456,172,208,0.82692
/usr/lib64/xtables/libxt_statistic.so,5372,472,512,0.92188
/usr/lib64/xtables/libxt_string.so,8173,631,636,0.99214
/usr/lib64/xtables/libxt_SYNPROXY.so,4817,439,472,0.93008
/usr/lib64/xtables/libxt_tcpmss.so,3948,356,400,0.89000
/usr/lib64/xtables/libxt_TCPMSS.so,4416,349,408,0.85539
/usr/lib64/xtables/libxt_TCPOPTSTRIP.so,5609,468,496,0.94355
/usr/lib64/xtables/libxt_tcp.so,10572,986,980,1.00612
/usr/lib64/xtables/libxt_TEE.so,4968,438,488,0.89754
/usr/lib64/xtables/libxt_time.so,12703,1135,1112,1.02068
/usr/lib64/xtables/libxt_tos.so,5275,492,528,0.93182
/usr/lib64/xtables/libxt_TOS.so,7228,685,728,0.94093
/usr/lib64/xtables/libxt_TPROXY.so,6904,670,736,0.91033
/usr/lib64/xtables/libxt_TRACE.so,2259,178,212,0.83962
/usr/lib64/xtables/libxt_u32.so,6837,456,476,0.95798
/usr/lib64/xtables/libxt_udp.so,5845,661,660,1.00152
/usr/libexec/coreutils/libstdbuf.so,3982,281,292,0.96233
/usr/libexec/dbus-daemon-launch-helper,61290,5753,5864,0.98107
/usr/libexec/gcc/x86_64-pc-linux-gnu/14/cc1,43967236,3417927,3207736,1.06553
/usr/libexec/gcc/x86_64-pc-linux-gnu/14/cc1plus,46614726,3665595,3445152,1.06399
/usr/libexec/gcc/x86_64-pc-linux-gnu/14/collect2,1313156,122826,123108,0.99771
/usr/libexec/gcc/x86_64-pc-linux-gnu/14/f951,44972793,3502629,3308784,1.05858
/usr/libexec/gcc/x86_64-pc-linux-gnu/14/g++-mapper-server,278836,39739,42824,0.92796
/usr/libexec/gcc/x86_64-pc-linux-gnu/14/liblto_plugin.so,90352,9659,9844,0.98121
/usr/libexec/gcc/x86_64-pc-linux-gnu/14/lto1,42474164,3309792,3105608,1.06575
/usr/libexec/gcc/x86_64-pc-linux-gnu/14/lto-wrapper,2030218,149913,144540,1.03717
/usr/libexec/gcc/x86_64-pc-linux-gnu/14/plugin/gengtype,222843,17964,17872,1.00515
/usr/libexec/gettext/cldr-plurals,25512,1433,1404,1.02066
/usr/libexec/gettext/hostname,8452,339,404,0.83911
/usr/libexec/gettext/urlget,9062,570,524,1.08779
/usr/libexec/git-core/git,4598541,439738,425948,1.03237
/usr/libexec/git-core/git-daemon,2655288,301490,295356,1.02077
/usr/libexec/git-core/git-http-backend,2643072,301830,295812,1.02034
/usr/libexec/git-core/git-http-fetch,2703102,307457,301196,1.02079
/usr/libexec/git-core/git-http-push,2727600,309736,303236,1.02144
/usr/libexec/git-core/git-imap-send,2729870,309853,303404,1.02126
/usr/libexec/git-core/git-remote-http,2720583,308276,301980,1.02085
/usr/libexec/git-core/git-shell,2630055,300433,294284,1.02089
/usr/libexec/git-core/git-sh-i18n--envsubst,2629723,300467,294332,1.02084
/usr/libexec/git-core/scalar,2687331,305126,298852,1.02099
/usr/libexec/gpg-auth,123483,13552,13604,0.99618
/usr/libexec/gpg-check-pattern,103494,10151,10476,0.96898
/usr/libexec/gpg-pair-tool,134048,15659,15844,0.98832
/usr/libexec/gpg-preset-passphrase,79609,9040,9252,0.97709
/usr/libexec/gpg-protect-tool,208242,21906,21444,1.02154
/usr/libexec/keyboxd,316507,32323,31884,1.01377
/usr/libexec/man-db/globbing,14315,999,940,1.06277
/usr/libexec/man-db/manconv,1072356,1778,1832,0.97052
/usr/libexec/man-db/zsoelim,1106600,5746,5676,1.01233
/usr/libexec/scdaemon,598574,59866,54244,1.10364
/usr/lib/gcc/x86_64-pc-linux-gnu/14/crtfastmath.o,261,51,48,1.06250
/usr/lib/gcc/x86_64-pc-linux-gnu/14/crtprec32.o,258,51,48,1.06250
/usr/lib/gcc/x86_64-pc-linux-gnu/14/crtprec64.o,267,51,48,1.06250
/usr/lib/gcc/x86_64-pc-linux-gnu/14/crtprec80.o,258,51,48,1.06250
/usr/lib/gcc/x86_64-pc-linux-gnu/14/libasan.so.8.0.0,7287103,157369,164052,0.95926
/usr/lib/gcc/x86_64-pc-linux-gnu/14/libatomic.so.1.2.0,36825,5283,6220,0.84936
/usr/lib/gcc/x86_64-pc-linux-gnu/14/libcc1.so.0.0.0,138003,14372,14996,0.95839
/usr/lib/gcc/x86_64-pc-linux-gnu/14/libgcc_s.so.1,187811,12151,13116,0.92643
/usr/lib/gcc/x86_64-pc-linux-gnu/14/libgfortran.so.5.0.0,3387039,171962,157948,1.08873
/usr/lib/gcc/x86_64-pc-linux-gnu/14/libgomp-plugin-nvptx.so.1.0.0,38700,3006,3084,0.97471
/usr/lib/gcc/x86_64-pc-linux-gnu/14/libgomp.so.1.0.0,380649,39500,39548,0.99879
/usr/lib/gcc/x86_64-pc-linux-gnu/14/libhwasan.so.0.0.0,6188673,83956,85620,0.98057
/usr/lib/gcc/x86_64-pc-linux-gnu/14/libitm.so.1.0.0,100738,16115,18124,0.88915
/usr/lib/gcc/x86_64-pc-linux-gnu/14/liblsan.so.0.0.0,5997078,61510,59636,1.03142
/usr/lib/gcc/x86_64-pc-linux-gnu/14/libquadmath.so.0.0.0,294424,9372,8932,1.04926
/usr/lib/gcc/x86_64-pc-linux-gnu/14/libtsan.so.2.0.0,17565212,173813,171564,1.01311
/usr/lib/gcc/x86_64-pc-linux-gnu/14/libubsan.so.1.0.0,6419098,55868,53604,1.04224
/usr/lib/gcc/x86_64-pc-linux-gnu/14/plugin/libcc1plugin.so.0.0.0,59489,8033,8420,0.95404
/usr/lib/gcc/x86_64-pc-linux-gnu/14/plugin/libcp1plugin.so.0.0.0,136886,15311,15876,0.96441
/usr/lib/python3.13/lib-dynload/array.cpython-313-x86_64-linux-gnu.so,58508,5711,5672,1.00688
/usr/lib/python3.13/lib-dynload/_asyncio.cpython-313-x86_64-linux-gnu.so,67218,5921,5724,1.03442
/usr/lib/python3.13/lib-dynload/binascii.cpython-313-x86_64-linux-gnu.so,22338,1569,1416,1.10805
/usr/lib/python3.13/lib-dynload/_bisect.cpython-313-x86_64-linux-gnu.so,14004,1091,980,1.11327
/usr/lib/python3.13/lib-dynload/_blake2.cpython-313-x86_64-linux-gnu.so,23890,1615,1520,1.06250
/usr/lib/python3.13/lib-dynload/_bz2.cpython-313-x86_64-linux-gnu.so,17990,1216,1188,1.02357
/usr/lib/python3.13/lib-dynload/cmath.cpython-313-x86_64-linux-gnu.so,41368,2152,2240,0.96071
/usr/lib/python3.13/lib-dynload/_codecs_cn.cpython-313-x86_64-linux-gnu.so,138067,1306,1208,1.08113
/usr/lib/python3.13/lib-dynload/_codecs_hk.cpython-313-x86_64-linux-gnu.so,147117,719,696,1.03305
/usr/lib/python3.13/lib-dynload/_codecs_iso2022.cpython-313-x86_64-linux-gnu.so,19411,1898,1964,0.96640
/usr/lib/python3.13/lib-dynload/_codecs_jp.cpython-313-x86_64-linux-gnu.so,246762,1786,1544,1.15674
/usr/lib/python3.13/lib-dynload/_codecs_kr.cpython-313-x86_64-linux-gnu.so,125873,1128,1004,1.12351
/usr/lib/python3.13/lib-dynload/_codecs_tw.cpython-313-x86_64-linux-gnu.so,103562,885,804,1.10075
/usr/lib/python3.13/lib-dynload/_contextvars.cpython-313-x86_64-linux-gnu.so,2767,207,248,0.83468
/usr/lib/python3.13/lib-dynload/_csv.cpython-313-x86_64-linux-gnu.so,31657,2476,2376,1.04209
/usr/lib/python3.13/lib-dynload/_ctypes.cpython-313-x86_64-linux-gnu.so,144144,14522,14332,1.01326
/usr/lib/python3.13/lib-dynload/_ctypes_test.cpython-313-x86_64-linux-gnu.so,21293,2721,3192,0.85244
/usr/lib/python3.13/lib-dynload/_curses.cpython-313-x86_64-linux-gnu.so,129452,8788,8728,1.00687
/usr/lib/python3.13/lib-dynload/_curses_panel.cpython-313-x86_64-linux-gnu.so,15971,1427,1384,1.03107
/usr/lib/python3.13/lib-dynload/_datetime.cpython-313-x86_64-linux-gnu.so,109265,12185,11464,1.06289
/usr/lib/python3.13/lib-dynload/_dbm.cpython-313-x86_64-linux-gnu.so,14759,1340,1296,1.03395
/usr/lib/python3.13/lib-dynload/_decimal.cpython-313-x86_64-linux-gnu.so,187017,15621,14420,1.08329
/usr/lib/python3.13/lib-dynload/_elementtree.cpython-313-x86_64-linux-gnu.so,77899,8070,7240,1.11464
/usr/lib/python3.13/lib-dynload/fcntl.cpython-313-x86_64-linux-gnu.so,17049,892,804,1.10945
/usr/lib/python3.13/lib-dynload/_gdbm.cpython-313-x86_64-linux-gnu.so,20871,1566,1584,0.98864
/usr/lib/python3.13/lib-dynload/grp.cpython-313-x86_64-linux-gnu.so,10908,704,700,1.00571
/usr/lib/python3.13/lib-dynload/_hashlib.cpython-313-x86_64-linux-gnu.so,57320,5175,4612,1.12207
/usr/lib/python3.13/lib-dynload/_heapq.cpython-313-x86_64-linux-gnu.so,16204,1172,1108,1.05776
/usr/lib/python3.13/lib-dynload/_interpchannels.cpython-313-x86_64-linux-gnu.so,40560,3611,3324,1.08634
/usr/lib/python3.13/lib-dynload/_interpqueues.cpython-313-x86_64-linux-gnu.so,24034,2215,2084,1.06286
/usr/lib/python3.13/lib-dynload/_interpreters.cpython-313-x86_64-linux-gnu.so,29556,1956,1908,1.02516
/usr/lib/python3.13/lib-dynload/_json.cpython-313-x86_64-linux-gnu.so,35938,2082,1928,1.07988
/usr/lib/python3.13/lib-dynload/_lsprof.cpython-313-x86_64-linux-gnu.so,21595,1814,1788,1.01454
/usr/lib/python3.13/lib-dynload/_lzma.cpython-313-x86_64-linux-gnu.so,33124,2216,2012,1.10139
/usr/lib/python3.13/lib-dynload/math.cpython-313-x86_64-linux-gnu.so,65817,4879,4496,1.08519
/usr/lib/python3.13/lib-dynload/_md5.cpython-313-x86_64-linux-gnu.so,16947,1623,1636,0.99205
/usr/lib/python3.13/lib-dynload/mmap.cpython-313-x86_64-linux-gnu.so,25903,2038,2076,0.98170
/usr/lib/python3.13/lib-dynload/_multibytecodec.cpython-313-x86_64-linux-gnu.so,40897,3992,3712,1.07543
/usr/lib/python3.13/lib-dynload/_multiprocessing.cpython-313-x86_64-linux-gnu.so,15692,1145,1144,1.00087
/usr/lib/python3.13/lib-dynload/_opcode.cpython-313-x86_64-linux-gnu.so,15525,987,1052,0.93821
/usr/lib/python3.13/lib-dynload/_pickle.cpython-313-x86_64-linux-gnu.so,111321,7537,7004,1.07610
/usr/lib/python3.13/lib-dynload/_posixshmem.cpython-313-x86_64-linux-gnu.so,5571,341,340,1.00294
/usr/lib/python3.13/lib-dynload/_posixsubprocess.cpython-313-x86_64-linux-gnu.so,21629,1519,1208,1.25745
/usr/lib/python3.13/lib-dynload/pyexpat.cpython-313-x86_64-linux-gnu.so,60200,5399,5228,1.03271
/usr/lib/python3.13/lib-dynload/_queue.cpython-313-x86_64-linux-gnu.so,13547,1244,1272,0.97799
/usr/lib/python3.13/lib-dynload/_random.cpython-313-x86_64-linux-gnu.so,12415,1041,1032,1.00872
/usr/lib/python3.13/lib-dynload/readline.cpython-313-x86_64-linux-gnu.so,30929,2239,2260,0.99071
/usr/lib/python3.13/lib-dynload/resource.cpython-313-x86_64-linux-gnu.so,11920,712,724,0.98343
/usr/lib/python3.13/lib-dynload/select.cpython-313-x86_64-linux-gnu.so,28691,2092,2088,1.00192
/usr/lib/python3.13/lib-dynload/_sha1.cpython-313-x86_64-linux-gnu.so,15450,1660,1664,0.99760
/usr/lib/python3.13/lib-dynload/_sha2.cpython-313-x86_64-linux-gnu.so,74345,3963,3928,1.00891
/usr/lib/python3.13/lib-dynload/_sha3.cpython-313-x86_64-linux-gnu.so,26573,2661,2716,0.97975
/usr/lib/python3.13/lib-dynload/_socket.cpython-313-x86_64-linux-gnu.so,104842,6762,6396,1.05722
/usr/lib/python3.13/lib-dynload/_sqlite3.cpython-313-x86_64-linux-gnu.so,126104,10449,9592,1.08935
/usr/lib/python3.13/lib-dynload/_ssl.cpython-313-x86_64-linux-gnu.so,188248,10355,9264,1.11777
/usr/lib/python3.13/lib-dynload/_statistics.cpython-313-x86_64-linux-gnu.so,5093,217,244,0.88934
/usr/lib/python3.13/lib-dynload/_struct.cpython-313-x86_64-linux-gnu.so,46184,5148,5312,0.96913
/usr/lib/python3.13/lib-dynload/syslog.cpython-313-x86_64-linux-gnu.so,11205,643,648,0.99228
/usr/lib/python3.13/lib-dynload/termios.cpython-313-x86_64-linux-gnu.so,21485,1097,1072,1.02332
/usr/lib/python3.13/lib-dynload/_testbuffer.cpython-313-x86_64-linux-gnu.so,43386,3553,3316,1.07147
/usr/lib/python3.13/lib-dynload/_testcapi.cpython-313-x86_64-linux-gnu.so,324118,30018,32796,0.91529
/usr/lib/python3.13/lib-dynload/_testclinic.cpython-313-x86_64-linux-gnu.so,97892,8777,8648,1.01492
/usr/lib/python3.13/lib-dynload/_testclinic_limited.cpython-313-x86_64-linux-gnu.so,5007,435,480,0.90625
/usr/lib/python3.13/lib-dynload/_testexternalinspection.cpython-313-x86_64-linux-gnu.so,8995,651,652,0.99847
/usr/lib/python3.13/lib-dynload/_testimportmultiple.cpython-313-x86_64-linux-gnu.so,2590,195,236,0.82627
/usr/lib/python3.13/lib-dynload/_testinternalcapi.cpython-313-x86_64-linux-gnu.so,77742,7198,7692,0.93578
/usr/lib/python3.13/lib-dynload/_testlimitedcapi.cpython-313-x86_64-linux-gnu.so,187304,14515,16628,0.87293
/usr/lib/python3.13/lib-dynload/_testmultiphase.cpython-313-x86_64-linux-gnu.so,23897,1790,1984,0.90222
/usr/lib/python3.13/lib-dynload/_testsinglephase.cpython-313-x86_64-linux-gnu.so,11031,884,976,0.90574
/usr/lib/python3.13/lib-dynload/unicodedata.cpython-313-x86_64-linux-gnu.so,691057,2424,2140,1.13271
/usr/lib/python3.13/lib-dynload/_uuid.cpython-313-x86_64-linux-gnu.so,3035,216,256,0.84375
/usr/lib/python3.13/lib-dynload/xxlimited_35.cpython-313-x86_64-linux-gnu.so,7594,584,640,0.91250
/usr/lib/python3.13/lib-dynload/xxlimited.cpython-313-x86_64-linux-gnu.so,9000,803,888,0.90428
/usr/lib/python3.13/lib-dynload/xxsubtype.cpython-313-x86_64-linux-gnu.so,7149,526,612,0.85948
/usr/lib/python3.13/lib-dynload/_xxtestfuzz.cpython-313-x86_64-linux-gnu.so,13214,424,492,0.86179
/usr/lib/python3.13/lib-dynload/zlib.cpython-313-x86_64-linux-gnu.so,44869,2984,2672,1.11677
/usr/lib/python3.13/lib-dynload/_zoneinfo.cpython-313-x86_64-linux-gnu.so,34219,2915,2748,1.06077
/usr/lib/python3.13/site-packages/Cython/Compiler/Code.cpython-313-x86_64-linux-gnu.so,1215578,66982,53424,1.25378
/usr/lib/python3.13/site-packages/Cython/Compiler/FlowControl.cpython-313-x86_64-linux-gnu.so,560313,26566,23924,1.11043
/usr/lib/python3.13/site-packages/Cython/Compiler/FusedNode.cpython-313-x86_64-linux-gnu.so,358390,12077,10392,1.16214
/usr/lib/python3.13/site-packages/Cython/Compiler/LineTable.cpython-313-x86_64-linux-gnu.so,44681,2901,2804,1.03459
/usr/lib/python3.13/site-packages/Cython/Compiler/Parsing.cpython-313-x86_64-linux-gnu.so,816336,19113,17068,1.11981
/usr/lib/python3.13/site-packages/Cython/Compiler/Scanning.cpython-313-x86_64-linux-gnu.so,243683,15180,13692,1.10868
/usr/lib/python3.13/site-packages/Cython/Compiler/Visitor.cpython-313-x86_64-linux-gnu.so,285656,15494,13660,1.13426
/usr/lib/python3.13/site-packages/Cython/Plex/Actions.cpython-313-x86_64-linux-gnu.so,61648,5363,5192,1.03294
/usr/lib/python3.13/site-packages/Cython/Plex/DFA.cpython-313-x86_64-linux-gnu.so,76789,4651,4384,1.06090
/usr/lib/python3.13/site-packages/Cython/Plex/Machines.cpython-313-x86_64-linux-gnu.so,121870,8176,7644,1.06960
/usr/lib/python3.13/site-packages/Cython/Plex/Scanners.cpython-313-x86_64-linux-gnu.so,98150,6742,6596,1.02213
/usr/lib/python3.13/site-packages/Cython/Plex/Transitions.cpython-313-x86_64-linux-gnu.so,90207,5357,4928,1.08705
/usr/lib/python3.13/site-packages/Cython/Runtime/refnanny.cpython-313-x86_64-linux-gnu.so,63889,3184,2948,1.08005
/usr/lib/python3.13/site-packages/Cython/StringIOTree.cpython-313-x86_64-linux-gnu.so,61773,4505,4324,1.04186
/usr/lib/python3.13/site-packages/Cython/Tempita/_tempita.cpython-313-x86_64-linux-gnu.so,452038,15483,13028,1.18844
/usr/lib/python3.13/site-packages/Cython/Utils.cpython-313-x86_64-linux-gnu.so,267146,15782,13592,1.16112
/usr/lib/python3.13/site-packages/libxml2mod.cpython-313-x86_64-linux-gnu.so,320664,32914,36052,0.91296
/usr/lib/python3.13/site-packages/lxml/builder.cpython-313-x86_64-linux-gnu.so,108719,6944,6284,1.10503
/usr/lib/python3.13/site-packages/lxml/_elementpath.cpython-313-x86_64-linux-gnu.so,195351,13206,11828,1.11650
/usr/lib/python3.13/site-packages/lxml/etree.cpython-313-x86_64-linux-gnu.so,2272330,138423,120748,1.14638
/usr/lib/python3.13/site-packages/lxml/html/diff.cpython-313-x86_64-linux-gnu.so,323089,16539,14200,1.16472
/usr/lib/python3.13/site-packages/lxml/html/_difflib.cpython-313-x86_64-linux-gnu.so,529181,23627,20524,1.15119
/usr/lib/python3.13/site-packages/lxml/objectify.cpython-313-x86_64-linux-gnu.so,423159,27482,23896,1.15007
/usr/lib/python3.13/site-packages/lxml/sax.cpython-313-x86_64-linux-gnu.so,171744,9288,8036,1.15580
/usr/lib/python3.13/site-packages/markupsafe/_speedups.cpython-313-x86_64-linux-gnu.so,5038,244,264,0.92424
/usr/lib/python3.13/site-packages/portage/util/_whirlpool.cpython-313-x86_64-linux-gnu.so,25539,593,616,0.96266
/usr/lib/python3.14/lib-dynload/array.cpython-314-x86_64-linux-gnu.so,58642,5683,5664,1.00335
/usr/lib/python3.14/lib-dynload/_asyncio.cpython-314-x86_64-linux-gnu.so,71965,6534,6188,1.05591
/usr/lib/python3.14/lib-dynload/binascii.cpython-314-x86_64-linux-gnu.so,22338,1569,1416,1.10805
/usr/lib/python3.14/lib-dynload/_bisect.cpython-314-x86_64-linux-gnu.so,13836,1091,988,1.10425
/usr/lib/python3.14/lib-dynload/_blake2.cpython-314-x86_64-linux-gnu.so,80881,7048,7204,0.97835
/usr/lib/python3.14/lib-dynload/_bz2.cpython-314-x86_64-linux-gnu.so,17942,1216,1188,1.02357
/usr/lib/python3.14/lib-dynload/cmath.cpython-314-x86_64-linux-gnu.so,40899,2119,2204,0.96143
/usr/lib/python3.14/lib-dynload/_codecs_cn.cpython-314-x86_64-linux-gnu.so,138037,1306,1208,1.08113
/usr/lib/python3.14/lib-dynload/_codecs_hk.cpython-314-x86_64-linux-gnu.so,147071,719,696,1.03305
/usr/lib/python3.14/lib-dynload/_codecs_iso2022.cpython-314-x86_64-linux-gnu.so,19369,1886,1964,0.96029
/usr/lib/python3.14/lib-dynload/_codecs_jp.cpython-314-x86_64-linux-gnu.so,246732,1786,1544,1.15674
/usr/lib/python3.14/lib-dynload/_codecs_kr.cpython-314-x86_64-linux-gnu.so,125843,1128,1004,1.12351
/usr/lib/python3.14/lib-dynload/_codecs_tw.cpython-314-x86_64-linux-gnu.so,103532,885,804,1.10075
/usr/lib/python3.14/lib-dynload/_csv.cpython-314-x86_64-linux-gnu.so,31623,2458,2376,1.03451
/usr/lib/python3.14/lib-dynload/_ctypes.cpython-314-x86_64-linux-gnu.so,152766,14833,14724,1.00740
/usr/lib/python3.14/lib-dynload/_ctypes_test.cpython-314-x86_64-linux-gnu.so,118376,3222,3716,0.86706
/usr/lib/python3.14/lib-dynload/_curses.cpython-314-x86_64-linux-gnu.so,136555,9716,9596,1.01251
/usr/lib/python3.14/lib-dynload/_curses_panel.cpython-314-x86_64-linux-gnu.so,16791,1540,1500,1.02667
/usr/lib/python3.14/lib-dynload/_dbm.cpython-314-x86_64-linux-gnu.so,14743,1340,1296,1.03395
/usr/lib/python3.14/lib-dynload/_decimal.cpython-314-x86_64-linux-gnu.so,187940,15322,14168,1.08145
/usr/lib/python3.14/lib-dynload/_elementtree.cpython-314-x86_64-linux-gnu.so,77352,8092,7232,1.11892
/usr/lib/python3.14/lib-dynload/fcntl.cpython-314-x86_64-linux-gnu.so,18268,949,828,1.14614
/usr/lib/python3.14/lib-dynload/_gdbm.cpython-314-x86_64-linux-gnu.so,20887,1566,1584,0.98864
/usr/lib/python3.14/lib-dynload/grp.cpython-314-x86_64-linux-gnu.so,10855,739,720,1.02639
/usr/lib/python3.14/lib-dynload/_hashlib.cpython-314-x86_64-linux-gnu.so,56596,5192,4636,1.11993
/usr/lib/python3.14/lib-dynload/_heapq.cpython-314-x86_64-linux-gnu.so,18298,1505,1364,1.10337
/usr/lib/python3.14/lib-dynload/_hmac.cpython-314-x86_64-linux-gnu.so,216482,17037,16828,1.01242
/usr/lib/python3.14/lib-dynload/_interpchannels.cpython-314-x86_64-linux-gnu.so,41901,3730,3404,1.09577
/usr/lib/python3.14/lib-dynload/_interpqueues.cpython-314-x86_64-linux-gnu.so,24674,2257,2104,1.07272
/usr/lib/python3.14/lib-dynload/_interpreters.cpython-314-x86_64-linux-gnu.so,33052,2196,2084,1.05374
/usr/lib/python3.14/lib-dynload/_json.cpython-314-x86_64-linux-gnu.so,35465,1840,1828,1.00656
/usr/lib/python3.14/lib-dynload/_lsprof.cpython-314-x86_64-linux-gnu.so,23743,2072,1996,1.03808
/usr/lib/python3.14/lib-dynload/_lzma.cpython-314-x86_64-linux-gnu.so,32818,2049,1872,1.09455
/usr/lib/python3.14/lib-dynload/math.cpython-314-x86_64-linux-gnu.so,64509,4736,4436,1.06763
/usr/lib/python3.14/lib-dynload/_md5.cpython-314-x86_64-linux-gnu.so,17329,1675,1660,1.00904
/usr/lib/python3.14/lib-dynload/mmap.cpython-314-x86_64-linux-gnu.so,25899,2038,2076,0.98170
/usr/lib/python3.14/lib-dynload/_multibytecodec.cpython-314-x86_64-linux-gnu.so,40674,3992,3712,1.07543
/usr/lib/python3.14/lib-dynload/_multiprocessing.cpython-314-x86_64-linux-gnu.so,15676,1145,1144,1.00087
/usr/lib/python3.14/lib-dynload/_pickle.cpython-314-x86_64-linux-gnu.so,111604,7291,6828,1.06781
/usr/lib/python3.14/lib-dynload/_posixshmem.cpython-314-x86_64-linux-gnu.so,5870,341,340,1.00294
/usr/lib/python3.14/lib-dynload/_posixsubprocess.cpython-314-x86_64-linux-gnu.so,21826,1547,1224,1.26389
/usr/lib/python3.14/lib-dynload/pyexpat.cpython-314-x86_64-linux-gnu.so,60138,5332,5168,1.03173
/usr/lib/python3.14/lib-dynload/_queue.cpython-314-x86_64-linux-gnu.so,13483,1244,1272,0.97799
/usr/lib/python3.14/lib-dynload/_random.cpython-314-x86_64-linux-gnu.so,12246,961,984,0.97663
/usr/lib/python3.14/lib-dynload/readline.cpython-314-x86_64-linux-gnu.so,31327,2247,2260,0.99425
/usr/lib/python3.14/lib-dynload/_remote_debugging.cpython-314-x86_64-linux-gnu.so,61960,2761,2456,1.12419
/usr/lib/python3.14/lib-dynload/resource.cpython-314-x86_64-linux-gnu.so,11920,712,724,0.98343
/usr/lib/python3.14/lib-dynload/select.cpython-314-x86_64-linux-gnu.so,28595,2092,2088,1.00192
/usr/lib/python3.14/lib-dynload/_sha1.cpython-314-x86_64-linux-gnu.so,15776,1704,1688,1.00948
/usr/lib/python3.14/lib-dynload/_sha2.cpython-314-x86_64-linux-gnu.so,75084,4060,4008,1.01297
/usr/lib/python3.14/lib-dynload/_sha3.cpython-314-x86_64-linux-gnu.so,49222,3365,3264,1.03094
/usr/lib/python3.14/lib-dynload/_socket.cpython-314-x86_64-linux-gnu.so,105364,6848,6480,1.05679
/usr/lib/python3.14/lib-dynload/_sqlite3.cpython-314-x86_64-linux-gnu.so,126354,10615,9748,1.08894
/usr/lib/python3.14/lib-dynload/_ssl.cpython-314-x86_64-linux-gnu.so,193136,10304,9240,1.11515
/usr/lib/python3.14/lib-dynload/_statistics.cpython-314-x86_64-linux-gnu.so,5093,217,244,0.88934
/usr/lib/python3.14/lib-dynload/_struct.cpython-314-x86_64-linux-gnu.so,49426,5827,6028,0.96666
/usr/lib/python3.14/lib-dynload/syslog.cpython-314-x86_64-linux-gnu.so,11205,643,648,0.99228
/usr/lib/python3.14/lib-dynload/termios.cpython-314-x86_64-linux-gnu.so,21750,1097,1072,1.02332
/usr/lib/python3.14/lib-dynload/_testbuffer.cpython-314-x86_64-linux-gnu.so,43322,3553,3316,1.07147
/usr/lib/python3.14/lib-dynload/_testcapi.cpython-314-x86_64-linux-gnu.so,367383,34670,38088,0.91026
/usr/lib/python3.14/lib-dynload/_testclinic.cpython-314-x86_64-linux-gnu.so,112887,10458,10284,1.01692
/usr/lib/python3.14/lib-dynload/_testclinic_limited.cpython-314-x86_64-linux-gnu.so,5007,435,480,0.90625
/usr/lib/python3.14/lib-dynload/_testimportmultiple.cpython-314-x86_64-linux-gnu.so,2590,195,236,0.82627
/usr/lib/python3.14/lib-dynload/_testinternalcapi.cpython-314-x86_64-linux-gnu.so,91039,8155,8612,0.94693
/usr/lib/python3.14/lib-dynload/_testlimitedcapi.cpython-314-x86_64-linux-gnu.so,196120,15383,17484,0.87983
/usr/lib/python3.14/lib-dynload/_testmultiphase.cpython-314-x86_64-linux-gnu.so,23849,1790,1984,0.90222
/usr/lib/python3.14/lib-dynload/_testsinglephase.cpython-314-x86_64-linux-gnu.so,11031,884,976,0.90574
/usr/lib/python3.14/lib-dynload/unicodedata.cpython-314-x86_64-linux-gnu.so,736467,2464,2164,1.13863
/usr/lib/python3.14/lib-dynload/_uuid.cpython-314-x86_64-linux-gnu.so,3093,222,264,0.84091
/usr/lib/python3.14/lib-dynload/xxlimited_35.cpython-314-x86_64-linux-gnu.so,7546,584,640,0.91250
/usr/lib/python3.14/lib-dynload/xxlimited.cpython-314-x86_64-linux-gnu.so,9000,803,888,0.90428
/usr/lib/python3.14/lib-dynload/xxsubtype.cpython-314-x86_64-linux-gnu.so,7165,526,612,0.85948
/usr/lib/python3.14/lib-dynload/_xxtestfuzz.cpython-314-x86_64-linux-gnu.so,13148,424,492,0.86179
/usr/lib/python3.14/lib-dynload/zlib.cpython-314-x86_64-linux-gnu.so,44986,3054,2760,1.10652
/usr/lib/python3.14/lib-dynload/_zoneinfo.cpython-314-x86_64-linux-gnu.so,34061,2915,2748,1.06077
/usr/lib/python3.14/lib-dynload/_zstd.cpython-314-x86_64-linux-gnu.so,52409,3173,2868,1.10635
/usr/sbin/accessdb,6329,272,316,0.86076
/usr/sbin/addpart,24350,3106,3212,0.96700
/usr/sbin/chgpasswd,60938,6370,6608,0.96398
/usr/sbin/chpasswd,127738,10671,11124,0.95928
/usr/sbin/delpart,24141,3097,3204,0.96660
/usr/sbin/e2freefrag,9421,495,484,1.02273
/usr/sbin/e4crypt,19614,1023,1112,0.91996
/usr/sbin/e4defrag,50328,891,836,1.06579
/usr/sbin/filefrag,13133,624,700,0.89143
/usr/sbin/grmt,60930,5526,5388,1.02561
/usr/sbin/groupadd,132952,11936,12428,0.96041
/usr/sbin/groupdel,123643,11023,11492,0.95919
/usr/sbin/groupmems,58205,5895,6136,0.96072
/usr/sbin/groupmod,132155,12133,12604,0.96263
/usr/sbin/grpck,56712,5581,5720,0.97570
/usr/sbin/grpconv,50022,5180,5328,0.97222
/usr/sbin/grpunconv,49906,5176,5328,0.97147
/usr/sbin/iconvconfig,25361,1843,1980,0.93081
/usr/sbin/ldattach,32550,3336,3516,0.94881
/usr/sbin/logoutd,19360,461,512,0.90039
/usr/sbin/mklost+found,4572,238,284,0.83803
/usr/sbin/newusers,136680,11183,11612,0.96306
/usr/sbin/partx,147698,18881,18548,1.01795
/usr/sbin/pwck,86743,4924,5152,0.95575
/usr/sbin/pwconv,81314,4702,4936,0.95259
/usr/sbin/pwunconv,79214,4603,4848,0.94946
/usr/sbin/readprofile,31933,3395,3572,0.95045
/usr/sbin/resizepart,86700,12893,12804,1.00695
/usr/sbin/rfkill,48724,5226,5332,0.98012
/usr/sbin/rtcwake,51246,5433,5612,0.96810
/usr/sbin/sshd,590656,61029,53408,1.14269
/usr/sbin/sysctl,23914,1533,1492,1.02748
/usr/sbin/useradd,184055,13791,14108,0.97753
/usr/sbin/userdel,135200,11414,11908,0.95852
/usr/sbin/usermod,172002,13501,13692,0.98605
/usr/sbin/vipw,95854,6851,7208,0.95047
/usr/x86_64-pc-linux-gnu/binutils-bin/9999/addr2line,29815,2085,2112,0.98722
/usr/x86_64-pc-linux-gnu/binutils-bin/9999/ar,64297,5770,5884,0.98063
/usr/x86_64-pc-linux-gnu/binutils-bin/9999/as,915562,48898,46996,1.04047
/usr/x86_64-pc-linux-gnu/binutils-bin/9999/c++filt,58549,2098,2128,0.98590
/usr/x86_64-pc-linux-gnu/binutils-bin/9999/elfedit,36471,3089,3040,1.01612
/usr/x86_64-pc-linux-gnu/binutils-bin/9999/gprof,110320,7614,7208,1.05633
/usr/x86_64-pc-linux-gnu/binutils-bin/9999/ld,1405521,30901,30252,1.02145
/usr/x86_64-pc-linux-gnu/binutils-bin/9999/ld.bfd,1405521,30901,30252,1.02145
/usr/x86_64-pc-linux-gnu/binutils-bin/9999/nm,55405,4124,4108,1.00389
/usr/x86_64-pc-linux-gnu/binutils-bin/9999/objcopy,198593,17224,16192,1.06374
/usr/x86_64-pc-linux-gnu/binutils-bin/9999/objdump,501834,31292,29764,1.05134
/usr/x86_64-pc-linux-gnu/binutils-bin/9999/ranlib,53850,5169,5356,0.96509
/usr/x86_64-pc-linux-gnu/binutils-bin/9999/readelf,888520,40048,35500,1.12811
/usr/x86_64-pc-linux-gnu/binutils-bin/9999/size,31308,2575,2560,1.00586
/usr/x86_64-pc-linux-gnu/binutils-bin/9999/strings,35375,2587,2576,1.00427
/usr/x86_64-pc-linux-gnu/binutils-bin/9999/strip,167330,16596,15588,1.06467
/usr/x86_64-pc-linux-gnu/gcc-bin/14/gcc-ar,33271,3588,3600,0.99667
/usr/x86_64-pc-linux-gnu/gcc-bin/14/gcc-nm,33239,3588,3600,0.99667
/usr/x86_64-pc-linux-gnu/gcc-bin/14/gcc-ranlib,33239,3588,3600,0.99667
/usr/x86_64-pc-linux-gnu/gcc-bin/14/gcov-dump,1244939,115425,115720,0.99745
/usr/x86_64-pc-linux-gnu/gcc-bin/14/gcov-tool,1274506,118235,118744,0.99571
/usr/x86_64-pc-linux-gnu/gcc-bin/14/lto-dump,42475640,3310418,3106192,1.06575
/usr/x86_64-pc-linux-gnu/gcc-bin/14/x86_64-pc-linux-gnu-c++,2161446,153401,148236,1.03484
/usr/x86_64-pc-linux-gnu/gcc-bin/14/x86_64-pc-linux-gnu-cpp,2159014,153417,148220,1.03506
/usr/x86_64-pc-linux-gnu/gcc-bin/14/x86_64-pc-linux-gnu-g++,2161446,153401,148236,1.03484
/usr/x86_64-pc-linux-gnu/gcc-bin/14/x86_64-pc-linux-gnu-gcc,2157944,153371,148188,1.03498
/usr/x86_64-pc-linux-gnu/gcc-bin/14/x86_64-pc-linux-gnu-gcc-ar,33271,3588,3600,0.99667
/usr/x86_64-pc-linux-gnu/gcc-bin/14/x86_64-pc-linux-gnu-gcc-nm,33239,3588,3600,0.99667
/usr/x86_64-pc-linux-gnu/gcc-bin/14/x86_64-pc-linux-gnu-gcc-ranlib,33239,3588,3600,0.99667
/usr/x86_64-pc-linux-gnu/gcc-bin/14/x86_64-pc-linux-gnu-gcov,1349088,124555,124376,1.00144
/usr/x86_64-pc-linux-gnu/gcc-bin/14/x86_64-pc-linux-gnu-gfortran,2160815,153498,148308,1.03499
